гымнин ытльат ы’ттъуви ынкъам о’мрытваал	г ы м н и н ы т _ а т _ ы ’ т т ъ у в и _ ы н к ъ а м о ’ м р _ а _
пууръу эпы гымнин о’м о’мрыквот нэмыӄэй ӄорагынрэтыльо нитӄин	п у у р ъ у э _ г ы м н и н _ о ’ м р ы к _ в _ о т _ н э м ы ӄ э й а г ы н _ р э т ы _ ь о
гымнин ытлыгыт ытль’атэ ӄонпы эмнуӈкы нымигчирэтӄинэт нэмыӄэй ӄорагынрэтыльо нитӄинэт	г ы м н и н ы т _ ы т _ ь ’ _ а т э ӄ о н п ы э м н у ӈ к ы н ы м и г ч и р э т ӄ и н э т _ н э м ы ӄ э й _ ӄ о р _ а г ы н _ р э т ы _ ь о
ынкъам мури гачакэттомга гэ гэегтэльмури каврагыргын ынкъам гым	ынкъам м у р и г а ч _ _ т о м г а _ г э г э е г _ т э _ м у р и к а в р ы н к ъ а м _ г ы м
ытръэче ӈирэӄ нэнэнэт вагъэт	ы т р ъ э ч е _ н э н э н э т в а _ _
ытръэч	ы т р ъ э ч
кытур ынӈытэӄэ мэдвэдэв прэзидэнто энма канчалянэты гэрэмкичильин	к ы т у р ы н ӈ _ э ӄ э _ д в э _ д э в п р э з _ и д э н т о э н м а к а н _ а я н _ э т ы г э р э м к и ч и _ и н
ынкъа люут ӈыръа вэрталёттэ вакъогъатӈа	ы н к ъ а _ у т ӈ ы р ъ _ в э р _ ё т т э _ в а к ъ о г ъ а т ӈ а
ныныпчеӈивйивӄин колё нымныма мэдвэдэвъым	н ы н ы п _ и в й и в ӄ и н к о ё н ы м н ы м _ а м э _ д в э _ д э в ъ ы м
гэчевкы нынтыӄин таӈколё ынкы ныгынритӄин	г э ч е в к ы н ы н т ы ӄ и н _ к о _ ё _ ы н к ы ы н р _ и т ӄ и н _
люутэ абрамович ӈыронвэрталёта вакъогъэ нэмыӄэй	ю у т э _ б р а м _ о в и ч в э р т а _ ё т а в а к ъ о г ъ э н э м ы ӄ э й
мэдвэдэв ивкэ лыгэн ынкы напэлягъан йъэлыги абрамович наягнагъан	м э д _ д э в и в к э ы г э н _ ы н к ы _ э _ я _ г ъ а н й ъ э ы г и _ а б р а м _ о в и ч
инъэ гым нылӄутигым	и н ъ э г ы м _ у т _ и г ы м _
янот нычайойгым	я н о т н ы ч _ о й г ы м _
нилгытэвигым ынкъам нывийгым нытапэтӈивым	н и г ы т _ ы н к ъ а м н ы в и й г ы м _ _ э т ӈ и в _ ы м
ванэ мычавтракгъак	в а н э а в _ т _ р а к г ъ а к
апэтыплыткокэ	а п э т _ ы т к о к э
игытъым ванэ гым м мымигчирэтгъэк	и г ы т ъ ы м _ м _ м ы м _ и г ч и р _ э т г ъ э к _
ныпэнчияйгым	н ы п э н ч _ й г ы м
апэтыплыткокэ нотагты нылӄытивым элек	а п э т _ ы т к о к э н о т а г т ы н ы ӄ ы т _ и в _ э
нуунъыгичийгым чама ныпъоӈгэлейгым	н у у н ъ и й г ы м _ ч а м а н ы п ъ о _ ӈ _ г э е й г ы м
нырагтэгым	н ы р а г т _
уунъытэ	у у н ъ ы т
ӈу нинэ нуй ӈуйӈуй нэ нэ нэнъупиратэвым	ӈ у _ э н _ у й ӈ у й _ й _ н э н _ э н э н ъ _ у п и р _ а т э в ы м
ынкъам плыткукъым натчьатэгым и ныйылӄэтигым	ынкъам п ы т к у к _ _ н а т ч ь а т э г ы м и _ н ы й ы ӄ э т и г ы м _
льэлеӈкы пууръу нымигчирэтигым	ь ӈ к ы _ п у у р ъ у н ы м и г ч и р э т и г ы м _
нылӄутигым инъэ	н ы ӄ у т _ и н ъ э
нычайойгым	н ы ч а й _
мэгчерынвэты нытэнмавэвым ынкъам нымигчирэтысӄививым	м э г ч е р ы н в э т ы э в _ ы м _ ы н к ъ а м н ы м и г ч и р _ с ӄ и в _ и в ы м
ынкы калеткорак нытэнъэткуйгым апэттагнэты	ы н к ы к а _ к о р _ ак н ы т э н к у _ й г ы м а п э т т а г н э т ы _
нырагтэгым напэтэгым	н ы р а г т _ н а п э т э г ы м _
апэтыплыткок нэмэ нымигчирысӄививым	а п э т _ ы т к о к н э м э н ы м и г ч и р ы с ӄ _ и в _ и в
ынкы нытэнъэткуйгым	ы н к ы н ы т э н _ к у _ й г ы м
ӈыраӄычьэты нырагтэгым	ӈ ы р а ӄ ы ч ь э т ы н ы р _ э г ы м _
нилгытэвивым ынкъам ярак нымигчирэтивым ч нытэнъэткуйгым чама нывийгым	н и г ы т _ и в ы м ы н к ъ а м я р а к _ э т и в _ ы м _ ч н ы т э н ъ э т _ к у _ й г ы м ч а м а н ы в и й г ы м _
и имыръэнук имыръэнут ярак нинэтэйкивым чама нываӈэйгым	и и м ы р _ у к _ я р а к н и н э т э й к _ и в _ ы м _ ч а м а э й г ы м _
ынкъам мынгытычьэты натчьатэгым ныйылӄэтигым	ынкъам м ы н г ы т ы ч ь э т ы _ а т э г ы м _ н ы й ы ӄ _ э т и г ы м
гым ныппыльэв вама гарыч нырычвалыӈыттыӄэнат	г ы м н ы п _ ь _ э в в а м а г а р ы ч _ н ы р _ ы ч в а _ ы ӈ ы т ӄ э н а т
гым нэмыӄэй ны нырычвалыӈыттыӄэнат нэмыӄэй гым нывинрэтигым нырычвантойгым	г ы м н э м ы ӄ э й н ы _ _ ы ч _ в а _ ы ӈ ы т ӄ э н а т н э м ы ӄ э й н ы в и н р э т _ _ н ы р _ ы ч _ о й г ы м
гым ӈавъёльа нинивӄин	г ы м ӈ а в _ ь _ а н и н и в ӄ и н
ӄы нэмыӄэй ӄырычвогэ	ӄ ы н э м ы ӄ э й _ ы ч _ в о _ г э
ӄырым ӄырым мырычвогъак	ӄ ы р ы м ӄ ы р ы м м ы р _ _ в о _ г ъ а к
тэӈвэнлыги рыпыткынтэвнинъым гэнанвытрынтэвлинъым	т э ӈ в э н _ р ы п ы т к ы н т э в н и н _ ъ ы м г э н а н в ы т р ы н т э в _ ъ ы м
рыпыткынтавъё тъынин	р ы п ы т к ы н _ ъ ё т ъ ы н и н
трагтыгъак гым иниквъи	т р а г т ы гъак _ г ы м и н и к в ъ и
нивӄин гэрэӄигыт гилгыльувигыт	н и в ӄ и н г э р э ӄ и г ы т _ и г _ ы _ ь у в и г ы т
наӄам эвыт тэӈэвыт ныпээттылейгым	н а ӄ а м э в ы т _ э в ы т _ н ы п _ э э т _ т ы е й г ы м
нинивӄин ытльата	н и н и в ӄ и н ы т _ а т а _
тумгытум ӄыгитэгэ мургин ынпыӈэв гэрэӄылин тэӈтэӈэвыт пэ пэ	т у м г ы т у м ӄ ы г и т _ э _ м у р г и н г э р _ э ӄ _ ы _ и н т э ӈ э в _ ы т п э
нылгиргыткульэтӄин ны ныннупэтӄинэт рыгыткогыргыт	н ы г и р _ ь э т ӄ и н н ы н ы н н у п _ э т ӄ и н э т _ р ы г ы т к о г ы р г ы т _
ытчайаъым ӄэйвэ гинэльулинъым гэльулин рывытрынтавъё ынӄэн рычвалгын гэнпыткынтэвлин	ы т ч а й а _ ӄ э й в э г и н э _ у _ и н ъ ы м г э ь у _ и н р ы в ы т р ы н т а в ъ ё _ р ы ч _ г ы н _ г э н п т э в _ и н
йыкыргын нинэйпыӄин нинивӄин ӄытитӄэтгын	й ы к ы р г ы н н и н э й п ы ӄ и н _ ӄ ы т _ и т ӄ _ э т г ы н _
гымнан ванэ мытитӄэтгъэн	г ы м н а н в а н э _ и т ӄ _ э т г ъ э н _
вэнлыги чиӈкэйыръын ӄытлыги гэтитӄэтлин гымнан	в э н ы г и _ э й ы р ъ ы н ӄ ы т _ ы г и г э т _ и т ӄ э т _ и н
тэӈэвыт тыпээттыляӈӈогъа гинив	т э ӈ э в ы т _ э э т _ т ы я ӈ ӈ о г ъ а г и н и в
нычаёӄэнат	н ы ч а ё _
ытчайы гымнин ытля эну нэнамӈылёӄэна	ы т ч а й ы _ ы т я _ э н _ у н э н а м _ ы ё ӄ э н _ а
ӄутынъым ивнин	ӄ у т ы н и в н и н _
ыныг ӈавъёльа йыкыргычыкогты гэнпыткынтэвлин рычвалгын	ы н ы г ӈ а в _ ь _ а й ы к ы р г ы ч ы к о г т ы г э н п ы т к ы н _ т э в _ и н в а г ы н _
ытлыгын ӈаргынэн найвы айгычӄыӈӄач нывакъотваӄэн нырэӄыӄин ны ны нэнарынӈыӄин оттылгын	ы т ы г ы н _ н а й в ы _ а й _ г ы ч _ ы ӈ ӄ а ч н ы в а к ъ о т в а ӄ э н н ы р э ӄ ы ӄ и н _ н ы _ н ы н э н а р _ ы н ӈ _ ы ӄ и н _ ы г ы н
ынкатагнэпы гатанпаайгым ынӄо рычвок	ы н к а т а г н э п ы г а т _ п а _ ы н ӄ о р ы ч в _ _
нэнанъотавӄэн рычвольэгым	н э н а н ъ о т а в ӄ э н в о _ ь _ э г ы м
нинивӄин ӄырычванторкын	н и н и в ӄ и н ӄ ы р _ в а н т _ о р к ы н
ынӄоры паагъэ тынутчирык	ы н ӄ о р ы п а а г ъ э т ы н у т _ _ ы к _
ынкатагнэпы нырычвантойгым ӄонпы нык ныкэгынмилгытэвигым	ы н к а т а г н э п ы н ы р _ в а н т _ о й г ы м ӄ о н п ы н ы к н ы к _ э г ы н _ м _ и г ы т э в и г ы м
гымыкытчайаъым вэриву вэривуунъыкинэт гичининэт	г ы м ы к ы т ч _ а в э р и в у в э р _ и в у у н ъ _ ы к и н э т г и ч ининэт
рыпгыпгэвнин нинивӄин	р ы п г ы п _ э в н и н
ӄылпыгын гэмэч гэмэсӄытвилин виин	ӄ ы п ы г ы н _ г э м э с ӄ _ ы т в _ и и н в и и н
наӄам нинивигым	н а ӄ а м н и н и в и г ы м
иниквъи ӄарычгытвагэ	и н и к в ъ и ӄ а р _ г э _
нинэ ӄээӄын тарычгытвагъак	н и н э _ т а р ы ч г ы т в а _ г ъ а к _
энэвӈӈогъэ гым	э н э в _ г ы м
ӄылютэги	ӄ ы ю _ э г и
гымнан нивигым	г ы м н а н н и в и г ы м
ванэ мылётаӈӈогъак	в а н э ы ё т _ а ӈ ӈ о _ г ъ а к
вэнлыги ӄылютэги	в э н ы г и _ ы ю т _ э г и
ынкатагнэпы ынӄо лыгэн энанъотавӈӈогъэ рычвольэгым	ы н к а т а г н э п ы ы н ӄ о _ ы г э н _ э н а н _ а в _ ӈ ӈ о г ъ э в о ь _ э г ы м
ӄонпы ныкэгынмилгытэвигым	ӄ о н п ы н ы к _ м _ и г ы т э в и г ы м
ынкатагнэпы гапаайгым	ы н к а т а г н э п ы г а п а _
ынӄо нивӄинэт иа’м ытлён ынӈин	ы н ӄ о н и в ӄ и н э т и а ’ м _ _ ё _ н _ ы н ӈ и н
ӄырым ытръэч игыт трэгичиркынэт томыкагты трэйылыркынэт	ӄ ы р ы м ы т р ъ э ч и г ы т _ _ э г _ и ч _ и р к ы н э т т о м ы к а г т ы т р э й _ ы р к ы н э т _
игытъым тумгыт нивӄээт	и г ы т ъ ы м _ н и в ӄ э _ э т _
ивкэ мынырычвомык	и в к э м ы н ы р _ _ о м ы к
гым вэлвагты нытвайгым	г ы м в _ г т ы _ н ы т в а й г ы м
гымнан ги гымнин гэчеёттэ тэӈэвыт томыкагты нинэйылигым рычват мэӈин гэчеёттэ тагъяӈӄэн рычвагты	г ы м н а н г и _ г э ч е _ ё т т э _ т э ӈ _ э в ы т т о м _ ы к а г т ы н и н э й _ ы и г ы м _ р ы ч в а т м э ӈ и н _ г э ч е ё т т э _ т а г ъ я ӈ _ ӄ э н р ы ч _ в а г т ы _
мэчынкы	м э ч ы н к ы
рыркайпияк мури калеткома ынӄэн	р ы р к а й п _ м у р и к а е т _ к о м а _ ы н ӄ э н
эмнуӈыльыт ныпкирӄинэт ынӄэнэ	э м н у ӈ ь _ ы т н ы п к и р ӄ и н э т ы н ӄ э н э _
наӄамэ итык эвынъым нъэӄимлынӈэӄинэт вэлыткорайпыӈ	н а ӄ а м э _ э в ы н ъ ы м _ _ и м ы н ӈ э _ ӄ и н э т в э ы т к _ а й п ы ӈ
наӄам ӈанэ ӈиръэӄи	н а ӄ а м ӈ а н э _ _ ъ э ӄ и _
э’ӄимлытъым алва вальыт ынӄэн ӄырымэнэ лыгъэӄимлыт ваа лыгэнэ наӄам нычелгльоӄэнат	э ’ ӄ ы т ъ ы м _ а в а в а ь _ ы т _ ы н ӄ э н ӄ ы р ы м э н э _ _ г ъ э ӄ _ ы т в а а ы г _ э н э _ н а ӄ а м н ы ч е г ь _ о ӄ э н а т _
мрэнти	м р э н
наӄам брэнди	н а ӄ а м б _ д _ и
брэнди брэндину нылгыӄинэтъым	б р э н _ и б р э н д _ и н у н ы г ы ӄ и н э т ъ ы м _
ӄутти ӄуттиы’м ынръамэ нэплички плисӄэнӈаӄэнат	ӄ у т т и ӄ у т т и _ ’ м _ э н э п _ и ч к и _ п и с ӄ э н _ ӈ а ӄ э н а т
ӄоравальыт ӄэлюӄы’м пыкитльыт отпучкыльыт	ӄ о р а в а _ ы т ӄ э ю ӄ ы ’ м _ ь ы т _ о т п у ч _ к ы ь ы т
ӄутырыкъым ынӄэн брэнди	ӄ у т ы р ы к ъ ы м _ б р э н _ д _ и
мрэнтиы’м ынӄэн	м р э н ы _ ’ м
ынпыначгын ӄоныры ынӄэнэ гавъёльатленъым	ы н п ы н а ч г ы н ӄ о н ы р ы _ э _ г _ а в ъ ё ь _ а т е н ъ ы м
а’ачек эты нинивӄин	а ’ а ч е к э т ы _
ӄвэлыткорантагэъым вай ынкъам гымыкагты ӄыркургынэт	ӄ в э _ о р а н т ъ ы м ы н к ъ а м г ы м ы к а г т ы _ _ гынэт _
ынӄэн вэлыткоран пличка бличка	ы н ӄ э н в _ ы т к _ а н п к а _ и ч к а _
ӈан мрэнти ӄыркургынэт	ӈ а н м р э н _ ӄ ы р к у р _ г ы н э т
ынӄэн гав чичеквъиы’м ӄэлюӄ а’ачекъым гэтэнӈыткулин	ы н ӄ э н г а в _ ы _ ’ м _ ӄ а ’ а ч е к _ ъ ы м г э т _ э н ӈ ы т к у _ и н
ытръэч ынӄэн пличка бличка иквъиы’м	ы т р ъ э ч ы н ӄ э н п _ _ к а _ и ч к а _ и к в ъ и ы ’ м _
мытив ынӄэнэ танӈымэл иквъи чымчеӄэй	м ы т и в ы н ӄ э н _ т а н ӈ _ ы м э _ и к в ъ и ч ы м ч е ӄ э й
пличка бличка чымчеӄэй вэлыткоран мрэнти ӄыркургынэт	п и ч к а _ и ч к а _ ч ы м ч е ӄ э й в э _ ы т к _ а н м р э н ӄ ы р к у р _ г ы н э т
ынӄэн а’ачекъым вэлыткорантаъэм ӄытлыги ымы плички курнинэтъым ымы мрэнти ын курнинэт	ы н ӄ э н а ’ а ч е к ъ ы м _ _ э ы т к _ а н т а ӄ ы т ы г и ы м ы _ п и ч _ к и _ н и н э т ъ ы м _ ы м ы м р э н _ ы н _ к у р н и н э т _
ынӄэн ынӈатал	ы н ӄ э н ы н ӈ _
нивӄинэт пличка нэмыӄэй	н и в ӄ и н э т п _ к а _
тэнмэмлыёчгын нытваӄэн	т э н м ы ё ч г ы н _ н ы т в а ӄ э н
ынӄэната гакиноратленатъым клюпчыко	ы н ӄ э н а т а г а к _ о р а т _ а т ъ ы м к ю п _ ч ы к о
клюбэты мури ымыльо кэлиткульымури ынӄэнэ нанвакъовсӄэвмык	к ю _ э т ы м у р и ы м ы ь о _ _ и т к у ь _ ы м у р и ы н ӄ э н э н а н в а к ъ о _ с ӄ э в _ м ы к
ӄытлыгиы’м ынӄэнэ чапаевӄай чапаев ынӄэн мытльуэ’н кино тэӈвытку ӄэлюӄэ	ӄ ы т ы г и _ ’ м э ч _ а п а е в _ ч а п а е в _ м ы т ь _ _ э ’ н к и н о т э ӈ в ы т к у ӄ э ю _ ӄ э _
ӈинӄэйӄэгти ӈээккэӄэгти ымыльо нывакъотваӄэнатъым	ӈ и н ӄ э й ӄ э г т и ы м ы _ ь о _ _ ъ ы м
наӄам ӈоонко лыгэнъым вай ынӄэн	н а ӄ а м ӈ о о н к о _ ы г э н _ ъ ы м _ ы н ӄ э н
нывыргыргыръуӄинъымӈэ у’рэӈэнри	н ы в ы р г ы р у ӄ и н _ ъ ы м у ’ р э ӈ э н р и
йъэлыги ынӄэн ӈоонко нинэгитэмури ынӄэн кино’м энмэн	й ъ э _ ы н ӄ э н ӈ о о н к о н и н э г и т _ э м у р и _ ы н ӄ э н _ к и н о ’ м _ э н м э н _
ынӄэн ыныкит чапаевӄай нын нэнъиръилемйигӈы нынтоӄэнъымэ	ы н ӄ э н ы н ы к и т ч _ _ а е в _ н ы н н э н ъ и р ъ _ и _ е м й и г ӈ ы н ы н т о ӄ э н ъ ы м э _
наӄам ӈан ваал паколырговаляйӈын ӄнут	н а ӄ а м ӈ а н в а а _ _ а к о _ ы р г о _ в а я й ӈ ы н ӄ н у т
ынӄэнэ левтык гырголя вай ынӈин нинэнилюйвыӄин нинэнилюйвыӄинъым	ы н ӄ э н э _ т ы к г ы р г _ о я _ в а й ы н ӈ и н н и н э н _ _ ю _ й в ы ӄ и н н и н э н и ю _ й в ы ӄ и н ъ ы м
и ӈинӄэйӄэгти ӈээккэӄэгти ымыльо нивӄинэт	и ӈ и н ӄ э й ӄ э г т и _ ы м ы _ ь о _ _
урааа мургинэт ура мургинэт	у р а а _ м у р г и н э т у р а _ м у р г и н э т _
ынӈатал гым нэмыӄэй ӄэлюӄы’м	ы н ӈ а т а _ н э м ы ӄ э й ӄ э ю _ _ ’ м _
нивигым э’тки а’ӄалеӈгыргын	н и в и г ы м э ’ т к и _ а е _ ӈ _ г ы р г ы н
нэмыӄэйъымэ ӄынвэтъымэ тъэче гииӈитыкъымэ ӄынвэтэ амноӈэты нэмыӄэй киноратыӈӈоа’т	н э м ы ӄ э й ъ ы м _ ӄ ы н в э т ъ ы м э _ т ъ э ч е г и и ӈ _ и т ы к _ ъ ы м э ӄ ы н в э т э _ а м н о ӈ э т ы н э м ы ӄ э й к и н _ о р а т _ ы ӈ ӈ о _ а ’ т
ынпыначгытъым нэмыӄэй ныкиноӄэнат	ы н п ы н а ч г ы т ъ ы м _ н ы к и н _ о ӄ э н а т _
ынлеко ымыӈ ытри аӈӄавъе ынӄэн нывакъотваӄэнат нэмыӄэйъым чыпэт тъэче малмытлыӈча нэгитээ’н ынӄэн ыннэнчьэн чапаевӄай	ы н е _ ы м ы ӈ ы т р и а ӈ ӄ _ а в ъ е _ _ н ы в а к ъ о т в а ӄ э н а т н э м ы ӄ э й _ ъ ы м _ ч _ ы п э т _ т ъ э ч е м а м ы т _ ы ӈ _ ч а н э г и т э э ’ н _ ы н ӄ э н ы н н э н ч ь э н ч _ а п _ а е в _
ынлеко нивӄинэ ынлекона нинивӄинэ аӈӄавъе	ы н е _ н и в ӄ и н э ы н _ е к о н а _ н и н и в ӄ и н э а ӈ ӄ _ а в ъ е
ынӈатал аръаля чапаевӄай этъуркыкыльи	ы н ӈ а т а _ а я ч _ а п а е в _ э т ъ у р к _ ы к ы ь и
ӄольым нивӄин ӄун ии вэнъым э’тки	ӄ о ь _ н и в ӄ и н ӄ у н _ в э н ъ ы м _ _
ӈинӄэй ынкэкин нэмыӄэй миӈкыри танӈыӈэнӄай	ӈ и н ӄ э й ы н к э к и н _ м и ӈ к ы р и _ т а н ӈ _ ы ӈ э н ӄ а й _
танӈыӈэнӄайа нэнамӈылёӄэн	т а н ӈ ы ӈ э н ӄ а й _ н э н а м ы ё ӄ э н _
тури миӈкэк мэӈӄоры миӈкэкинэтури тури миӈкэкинэтури	т у р и м и ӈ к _ м э ӈ ӄ о р ы _ м и ӈ к э к и н э т у р и т у р и _ м и ӈ к э к и н э т у р и _
и иквъи ынӄэнэ ӈинӄэй гымнин	и и к в ъ и _ э _ _ г ы м н и н
мури вай амваанвыкэнайгым гым	м у р и в а й а м в а _ _ в ы к э н _ а й г ы м г ы м
ӄольым галгэ рилвыкымгытлинъым	ӄ о ь _ г р и в _ ы к ы м г ы т и н _ ъ ы м
нивӄин гымнан гэмо ынӈин вальын нутэнут	н и в ӄ и н г ы м н а н _ ы н ӈ и н _ _ ь ы н _ _
ӄэлюӄы’м ынӄэн ытлыгэ нэнавалёмӄэн вэтгавыльын ынӈинъым ынӄэн	ӄ э ю ӄ ы _ ы т ы г э _ н э н а в а _ ё м _ ӄ э н в э т г а в ы ь ы н _ ы н ӈ и н ъ ы м ы н ӄ э н _
ныний нынинъэйвыӄин экык	н ы н и й _ и н ъ э й в ы ӄ и н _ э к ы к
ынӄэн гивэ мури вай чукоткайпы мытыпкирмык	ы н ӄ э н г и в э _ в а й _ ч у к о т к а й п ы _ _
чукоткакэнаморэ	ч у к о т к а м о р э _
эээ ӄэлюӄы’м чичеквъи	э э э ӄ э ю _ ’ м _
ымы ынӄорыӈэ анадырык ынӄоры мытыпкирмыкъымэ	ы м ы ы н ӄ о р _ а н _ а д ы р ы к _ ы н ӄ о р ы м ы т ы п к и р м ы к ъ ы м _ э _
ӄытлыги гымнин кэлиткутумгын ӄэргытваал ынӄэн	ӄ ы т ы г и _ к э и т к у т _ _ ӄ э р г ы т в а а _ ы н ӄ э н
мытльувылгымыкъым	м ы т ь _ ы г ы м ы к ъ ы м
ынин нэмыӄэй гымыкэккэнэ ынпычьэкыкъым ыннаны ынӄэнэ ыннэн ӄнут ыннэнгииӈикинэт ӈинӄэгти ынӄэн	ы н и н н э м ы ӄ э й г ы м ы к _ _ к э н _ э ы н п ы ч ь ъ ы м _ ы н н а н ы ы н ӄ э н э _ ы н н э н _ ӄ н у т _ _ г и и ӈ _ и к и н э т ӈ и н ӄ э г т и ы н ӄ э н
нывэтгавӄэнат ӈирэргэри	н ы в э т г а в ӄ э н а т ӈ и р э р г э р и
ынӄэнэ энмэнъым чашкано гэтэныннынлин	ы н ӄ э н э _ ъ ы м _ а ш _ а н о г э т э н ы н н ы н и н _
гымнан нинивигым вай ынӄэнъым данилка	г ы м н а н н и н и в и г ы м _ ы н ӄ э н _ ъ ы м _ _ а н и к _
ынӄэн нывэтгавӄэнат	ы н ӄ э н н ы в э т г а в ӄ э н а т
люут ынӄэн нэнан мытвалёмынат ивыльыт	ю у т ы н ӄ э н _ м ы т в а _ _ м ы н _ а т и в ь _ ы т
чашкана данилка нэнамӈылёӄэн	ч _ а н а д а н и к _ н э н а м ӈ ы ё ӄ э н _
гытъым миӈкэки мэӈӄоры пыкиргъи	г ы т ъ ы м _ э к и _ м э ӈ ӄ о р ы п ы к и р г ъ и
миӈкэкинэйгыт	м и ӈ к э к и н э й г ы т
гым вай чукоткакэнайгым	г ы м в а й ч у к о т к _ _
ооо гым нэмыӄэй чукоткакэнайгым	о о о г ы м _ ч у к о т к _ _
ытръэчьым ынӄэн миӈкэкинэйгыт ипэ	ы т р ъ э ч ь _ ы н ӄ э н м и ӈ к э к и н э й г ы т _
омваанвыкэнайгым	о м в а а н _ а й г ы м
гым нотапынмэпы тыпки нэмыӄэй нутэпынмыльивым	г ы м н о т _ ы н _ м э п ы т ы п н э м ы ӄ э й _ н у т э п _ ы н м _ ы ь и в ы м
ынӄэнъым мури ӄэлюӄы’м мыттанӈыткоӈӈомык ипэ ынӄэн	ы н ӄ э н ъ ы м _ ӄ э ю ӄ ы _ ’ м _ а н ӈ ы т к о ӈ ӈ о _ м ы к и п э ы н ӄ э н
гым паӈэ’вӈытъылёк	г ы м п а ӈ _ в _ ӈ ы т ъ ы ё к
вэтгавъёлгыткоэ’ айгытваалына иниквъи	в э т г а в ъ ё _ э ’ а й г ы т в а а _ ы н а и н и к в ъ и
эпэӄэй элгыӄанъявэты мынги мынилгытэвысӄивмык	э п э ӄ э й ы ӄ _ а н ъ я _ в э т ы м ы н г и м ы н _ и г ы т э в _ ы с ӄ и в м ы к
гымнанъым тиквъэк эгэй ытръэчьым ръэнут мынпиринэт	г ы м н а н ъ ы м _ э г э й ы т р ъ э ч _ ь _ ы м _ р ъ э н у т и р _ и н э т _
иниквъи ӄычавполпэрэгэ’м ынкъам пъомпъомъёчгынъым ынкъам эчг илгытэвкинэт яаёлӄылтэ	и н и к в ъ и ӄ ы ч _ п _ э г э ’ м ы н к ъ а м п ъ о м _ _ ъ о м ъ ё ч г ы н ъ ы м ы н к ъ а м э ч г _ _ э в к и н э т _ я а ё ӄ ы т э _
тытэнмаквъакъым	т ы т э н м а _ ъ ы м
тыч тынвэтгавъёлгытковын тивын миӈкыри мылӄытык	т ы ч э т г а в _ ъ ё _ г ы т к о в ы н т и в ы н м и ӈ к ы р и м ы ӄ _ ы т ы к _
ынан иниквъи нанэ ковлёрвоо ковлёрва мыт мытрэетгъэ гыныгъярагты	ы н а н и н и к в ъ и н а н _ _ к о в _ ё р в _ о о к о в ё р в а _ м ы т м ы т р э е т г ъ э _ г ы н _ ы г ъ я р а г т ы _
ынкы нэнъатчайгым	ы н к ы н э н _ а й г ы м _
етгъэтъым мытэквэнмык элгыӄанъявэты	е т г ъ э т ъ ы м _ энмык э г _ а н ъ я _ в э т ы
тыляма нынвилмури’м ныпъоӈгэлеморэ	т ы я м а _ в и м у р и _ ъ о ӈ _ г э е м о р э
мытмачпъоӈгэлемыкъым чама ковлёрвыткольын митя ынин экык мытынӄамэтвавын	м ы т м а ч _ ъ о ӈ г э е м ы к ъ ы м ч а м а к о в ё р _ в ы т к о _ ь ы н м и т я ы н и н _ э к ы к м ы т ы н _ _ в ы н _
ӄы ӄы ӄэлёӄы’м я епэчги ачайоӄыӄамэтвакыльэн ынӈин лыгэн мытэквэнмык	ӄ ы ӄ _ ӄ _ ӄ ы _ ’ м е п э ч г и _ а ч _ о ӄ _ ы ӄ а м э т в а к ы ы н ӈ и н ы г э н _ м ы т э к в _
ынӄо илгыӄэнъевы мытыпкирмыкъым	ы н ӄ о и _ ъ е в _ ы м ы т ы п к и р м ы к ъ ы м
мытилгытэвмыкъым	м ы т и г ы т _ м ы к ъ ы м
вэлыткорайпы мыттамыкъым мытxлепынӈэмыкъым	в э ы т к _ а й п ы а м ы к ъ ы м _ е п ы н ӈ _ э м ы к ъ ы м
лыгэн имыръэнутэт мытпиринэтъым	ы г э н и м ы р ъ э н у т э т _ п и р _ и н э т _ ъ ы м
ынӄо мытрагтымык	ы н ӄ о м ы т р _ ы м ы к _
ытръэч	ы т р ъ э ч
пытӄайвэ мури ӄайкаврагыргын элгыӄанъявӈытаморэ эмрилгытэвӈэ	п ы т в э _ м у р и ӄ а й к а в _ р _ а г ы р г ы н э г ы ӄ а н ъ я _ в ӈ ы т э м р и г ы т _ э в ӈ э
мытыпкирмык мытылгитэӈилгытэвмык гэлгитэӈычьэнмури	м ы т ы п к и р м ы к ы г _ и т э ӈ _ э в м ы к г э г и т э ӈ ы ч ь э н м у р и _
ӈоонрэ тыляма элгыӄанъявэты гэмэчпъоӈгэлеморэ	ӈ о о н р э т ы я _ э г _ ы ӄ а н ъ я _ в э т ы г э м э ч п ъ о _ ӈ г э е м о р э
палӄынтанма элгыӄанъяквыпы нэмыӄэй гамачпъоӈгэлеморэ	п а ӄ _ а н м а э г ы ӄ а н ъ я _ к в ы п ы н э м ы ӄ э й г а м а ч п _ ъ о _ г э е м о р э
илгыӄэнъевык нымэлмэлетӄин наӄам мурык нилетӄин	и г ы ӄ э н _ ы к н ы м э _ е т ӄ и н м у р ы к н _ и _ е т ӄ и н _
ынӄэн ӈуткэкин морыкаӈӄачормыльынэ аӈӄай нытваӄэн эӈэӈыльын	ы н ӄ э н ӈ у т к э к и н _ а ӈ ӄ а ч о р _ м ы _ ь ы н э а ӈ ӄ а й н ы т в а ӄ э н _ э ӈ э ӈ ы _ ь ы н _
лымынӄо нылейвыӄин	ы м ы н ӄ о _ й в ы ӄ и н
къама ӄол нэнтыгъэн ынӄэнэ эвына ӄолӄочатльанма нэпиригъэн ӈутку танӈа	к ъ а м _ ӄ о н э н т ы г ъ э н ы н ӄ э н _ э _ э в ы н _ а ӄ о _ ӄ о ч а т _ ь а н м а н э п и р и г ъ э н ӈ у т к у т а н ӈ а _
нэпиригъэнъым	н э п и р и г ъ э н ъ ы м
ӈайыӄытрык вай ынкы нынтыӄинэт ынӄэн эӈэӈыльыт ынӄэ	ӈ а й ы ӄ _ ы к в а й ы н к ы н ы н т ы ӄ и н э т _ _ э ӈ э ӈ _ ы _ ь _ ы т ы н ӄ э
чит ынӄэнэ	ч и т ы н ӄ э н _
пэрэнвыкъымэ оттычанляйӈычыко нэ ныёйвыӄэн ныёӄэн рэнэ пылвынты рыпылвынтылгав вальын о’мрэты оттычанляйӈынъым	п э р в ы к _ э о т ты ч а н _ й ӈ ы ч ы к о н э н ы ё _ й в ы ӄ э н н ы ё _ ӄ э н р э н _ э п ы в _ ы н т ы _ р ы п ы н т _ ы г а в в а ь ы н о ’ м р _ э т ы о т _ ты ч а н _ й ӈ ы н ъ ы м
ынкы нычамогъевӄэн тынык пэ нымкыӄин чамокытъым	ы н к ы н ы ч _ о _ г ъ е в ӄ э н т ы н ы к п э _ н ы м к ы ӄ и н ч а м _ о к _ ы т ъ ы м _
ӄорыӈэ нэргыръоӄаат эвын чанляткынык гырголӈэ нывакъотваӄэн эвын чамоктэ йъэнкыӈ ынкы гэгтыткулеэт йъэнкыӈ нотач ы’лыткынык нытваӄэнат	ӄ о р ы ӈ э _ г ы р ъ о ӄ а а т _ ч а н я т _ к ы н ы к _ г ы р г о ӈ э _ н ы в а к ъ о т в а ӄ э н э в ы н ч а м _ о к _ т э _ й ъ э н к ы ӈ ы н к ы _ г э г т ы т к у _ е _ э т й ъ э н к ы ӈ н о т _ а ч ы ’ _ ы т к ы н ы к н ы т в а ӄ э н а т _
тытыл ааӈкы	т ы т ы _
нымӈылёӄэн ытлён гэрэӄигыт кытвылӄун миӈкыри ганточгатэгыт	н ы м ӈ ы ё ӄ э н _ ё н _ г э р э ӄ и г ы т к ы т в _ м и ӈ к ы р и _ г а н т о ч _ г а т _ э г ы т
нивӄин плеэн пчемытъэт ытръэч гъачаӈӈойгым	н и в ӄ и н п е _ п _ ч е м ы т ъ _ э т ы т р ъ э ч г ъ а ч _ а ӈ ӈ о _ й г ы м
ипэмиӈкыри рээн нынтыӄин рээн нынлывэтӄин	и п э м и ӈ к ы р и _ н ы н т ы ӄ и н р э э н _ н ы н _ ы в _ э т ӄ и н _
ӄол нэнтыгъэн нэнлывэтгъэнъым	ӄ о н э н т ы г ъ э н _ ы в _ э т г ъ э н _ ъ ы м
люутэ нивӄээт этаны уйӈэ нъэлгъи	ю у т э _ ӄ э э т _ э т а н ы у й ӈ э н ъ _ э г ъ и _
люут ӈоонӄо омкытагнэпы пинтыӄэтгъи о’ро о’о о’раырыкагты нылеӄин	ю у т ӈ о о н ӄ о _ к ы т _ а г н э п ы _ п и н т ы ӄ э т г ъ и о ’ р о _ о ’ _ о о ’ р а _ ы р ы к а г т ы _ н ы е ӄ и н
льэльэнры ӄынвэт льэленръугъи’м	ь э _ э н р ы ӄ ы н в э т ь э _ е н _ р ъ у г ъ и ’ м
чымче ынкы вальын ыёогыргын омваанвыкэнъым	ч ы м ч е ы н к ы в а _ _ ы _ ё о г ы р г ы н _ о м в а а н _ ъ ы м
льиннык навыквынэлгэтгъэнъым ынкы нэнпылӄэквъэн	ь н ы к _ н а в ы к в ы н _ э г э т г ъ э н ъ ы м ы н к ы н э н п _ э к в ъ э н _
нэнпылӄэвынъым	н э н п э в ы н _ ъ ы м
люут ӈоонӄо ӄолеыёогыргытагнэпыӈ выйигиӈэтэӈэ янот ынӄэнэ галгаӄай люут ыёогыргытагнэпы пиврэъим	ю у т ӈ о о н ӄ о _ е _ ы ё _ о г ы р г ы т а г н э п ы ӈ в ы й и г и ӈ _ э т э ӈ э я н о т ы н ӄ э н э _ г а г _ а ӄ а й ю _ у т ы _ о _ г ы р г ы т а г н э п ы п и в р э ъ и м _
пиврэ ынӄоры риӈэъи виг йыӈачыкогт йыӈэчыкутгъи ры ыны ыныгнотаӈӄачагты эквэтгъи	п и в р э _ р и ӈ э _ ъ и _ в и г й ы ӈ _ а ч ы к о г т _ й ы ӈ э ч ы к _ г ъ и р ы н _ ы н ы г _ н о т а ӈ ӄ а ч а г т ы _ э к в э т г ъ и
ӄолетъылёӈы ынӈэнӄачайпы ӄулийъилгыкэ пыкиргъиӈэ пыкиръэт магляльытъым иквъэт	ӄ о е т _ ы ё ӈ ы ы н ӈ э н ӄ а ч а й п ы _ и й ъ и г _ ы к э п ы к и р г ъ и ӈ э п ы к и р _ ъ э т м _ а г я _ ь ы т ъ ы м и к в ъ э т
вынэ ӈан яра нытваӄэн	в ы н э ӈ а н я р _ _ н ы т в а ӄ э н _
ынкы ярак тъылыӈӈогъэ чычетпэлӄэтэ итгъи	ы н к ы я р а к т ъ _ _ ы ӈ ӈ о г ъ э _ ч ы ч е т п э ӄ _ э т э и т г ъ и
ынӄэн этъым аӈӄак нъанэлёӄэн эчкимоч нэмэ	ы н ӄ э н э т ъ ы м а ӈ ӄ а к _ _ а н _ э ё _ ӄ э н э ч к и м о ч _ н э м э
ынӄэнэ гэлыткынгыпы янотэ а’нэлётаӈа нинъэйӈэвӄаат ыннытэ мэй мэйӈыръаваӈӄытъана’м	ы н ӄ э н э _ ы т к ы н г ы п ы я н о т _ э а ’ _ н э ё т _ а ӈ а н и н ъ э й ӈ э в ӄ а а т ы н н ы т _ э м э й _ м э й ӈ ы р ъ _ а в а _ ӈӄ ы т ъ ’ м
ынӄорыӈа ӈыронванныльына черунэӈ ӈалгычаронаӈыльын эюпинэӈ ынӄэнатаӈэ	ы н ӄ о р ы ӈ а _ в а н н ы _ ь ы н а ч е р у н э ӈ ӈ а г _ ы ч _ а ӈ ы ь ы н э ю п и н э ӈ _ а ӈ э
рыпыткэвнинэт черутэ нэнагтоӄэнатъыма	р ы п ы т к эвнинэт ч е р _ н э н а г т о _ ӄ э н а т ъ ы м а _
ынӈинэ эчкимочтэ нъанэлёӄэнат	ы н ӈ и н э _ к и м о ч _ т э н ъ а н э ё _ ӄ э н а т
ынӄорыӈа	ы н ӄ о р ы ӈ а
ынӄэнэ аӈӄалыгэнниӈыт гэчымъэв нывинӄээт гилйиӈкы вальыт	ы н ӄ э н э _ а ы г _ и ӈ ы т г э ч ы м ъ э в _ н ы в и н ӄ э э т _ г и й и ӈ к ы _ в а ь ы т _
ныгилйиӈэтӄээтъым ынкъамэ	н ы г и й _ э т ӄ э э т ъ ы м ы н к ъ а м э
ынӄэнатаӈэ	ы н ӄ э н а т а ӈ э
ынӄэнатаӈ нычеруйивӄинэтъым	ы н ӄ э н а т а ӈ _ е р у _ ъ ы м
ныгтоӄэнат	н ы г т о ӄ э н а т
ӄорыӈ энтк гэтэйкылин кинокэ	ӄ о р ы ӈ _ т к _ э й к ы и н _ к и н о к э
ы’твыӄэй пэнин ыргин	ы ’ т в ы ӄ э й _ ы р г и н
гымнан гэмо ӄэлюӄ мури ӄорагынрэтыльыморэ	г ы м н а н г э м о ӄ э ю _ _ м у р и _ ӄ о р а г ы н _ р э т ы _ ь ы м о р э
ытръэч ынӄэнэ	ы т р ъ э ч ы н ӄ э н э _
нымкъэв гэннулин нырагтыӈӈоӄэн	н ы м к ъ э в г э н _ и н _ н ы р а г т ы ӈ ӈ о ӄ э н _
ынӈин киноплыткуъи	ы н ӈ и н к и н _ ы т к у _ ъ и
гымнин гымнин ытля тэленъеп ганрагтатлен гымыкытлыгэ	г ы м н и н г ы м н и н _ я _ т _ э е н ъ е п _ е н _ г ы м ы к ы т ы г э _
гымнин ытля тэленъеп ганрагтатлен ытлыгэ ринтыкэвнэ	г ы м н и н ы т _ т _ э е н ъ е п _ е н _ ы т ы г э р и н т ы к _ э в н э _
ныннын гымынин ытльакэн рултыӈэвыт	н ы н н ы н _ ы н и н ы т _ ь а к э н _ р у т ы ӈ э в _ ы т
рултыӈэвыт ытльата мури нэнмэйӈэвмык ытлыгэ чавчывак	р у т _ ы т ы т ь а т а _ м у р и н э н м э й ӈ э в _ м ы к _ ы т ы г э ч а в ч ы в а к _
мури ганымытваморэ майӈыярачыко ии	м у р и г а н ы м ы т в а _ м а й ӈ ы я р _ а ч ы к о и и _
чит майӈыярачыко ӈиръэ ёрот ёрот	ч и т м а й ӈ ы я р _ ӈ и р ъ э _ ё р о т ё р о т _
ӄолеёрочыкоӈы’м нытваӄэнат эпэӄэй эпы	ӄ о е _ р о ч ы к о ӈ ы ’ м э п э ӄ э й э _ п ы _
гымнин ытля нылгиным нэрмэӄин	г ы м н и н ы т _ н ы г _ и н ы м _ н э р м э ӄ и н
чама нылгинымигчирӄинэт ынин мынгыт	ч а м а н ы г _ ы м _ и г ч и р ӄ и н э т м ы н г ы т
колё мэ мынгыт маманэн ӄонпы нымигчирэтӄинэт нытэнэлгыӈӄинэт нувиӄинэт наймыӄэнат	к о ё _ м ы н г ы т м а м _ а н э н _ ӄ о н п ы _ н ы м и г ч и р э т ӄ и н э т н ы т э н _ э г _ ы ӈ ӄ и н э т _ н у в и ӄ и н э т н а й м ы ӄ э н а т _
танъярачыко нэнмэйӈэвмык ытльата ӄэльу ынан гэтэйкылин рэтэм яракэн	т а н ъ я р а ч ы к о н э н _ м ы к _ ы т ь а т а _ ӄ э ь _ ы н а н г э т э й к ы _ и н _ р э т э м я р а к э н
таӈванэван мури мын мынӈо’мык	т а ӈ в а н э в а н м у р и _ м ы н _ ӈ о _ ’ м _
майӈыӈэлвыл мурык гэнмэйӈэвлин ытлыгэ чама эпэнэ	м а й ӈ ы ӈ э в _ м у р ы к г э н м э й ӈ э в _ и н _ ы т ы г э ч а м а _ э п э н э
энмэн гатвален валвийӈын	э н м э н г а т в а _ в а _ в и й ӈ ы н _
ымы игыт варкын	ы м ы и г ы т _
ытръэч	ы т р ъ э ч
ӄээӄын	ӄ э э ӄ ы н
ӄээӄын мылымӈылгъэк	ӄ э э ӄ ы н м ы _ г ъ э к _
энмэн гатвален валвийӈын	э н м э н г а т в а _ в а _ в и й ӈ ы н _
игыт ымы варкын	и г ы т ы м ы _
ытръэч	ы т р ъ э ч
ӄээӄын	ӄ э э ӄ ы н
мачква мури ӄэлюӄы’м гэтумгиинэтэ ӈиръэ ӈинӄэгти мурыгрээн нэмыӄэй	м а ч к м у р и _ ӄ э ю ӄ ы _ ’ м _ г и и н _ этэ ӈ и р ъ э м у р _ ы г р э э н _ н э м ы ӄ э й _
гамачквантат ынӄэнъымэ гавэлыткорантаморэ’м	г а м а ч к _ т а т ъ ы м э _ г а в э ы т к _ о р а н т ’ м
вэнъым нымэйыӈӄин ӄоныры лыгэнылгинивлыӄин чама	в э н ъ ы м н ы м э й ы ӈ ӄ и н _ _ ы г э н _ ы г и н и в _ ч а м а
мыг мы мы нымэйыӈӄин вэлыткоран ынӄэн	м ы г м ы _ н ы м э й ы ӈ ӄ и н _ в _ э _ ы т к _ а н ы н ӄ э н
гырголят гырголя гырголяйпы нылейвымури ынӄэн нинэгитэмури имыръэнут лыгэнэ	г ы р г о _ г ы р г о я _ г ы р г о я _ й п ы н ы е й в ы м у р и _ н и н э г и т э м у р и _ и м ы р ъ э н у т _ ы г _ э н э _
ӄытлыги плеӄӄэгти ты тыльунэт	ӄ ы т ы г и _ ӄ ӄ э г т и _ т ы т _ ь _
нивигым ынӈатал йыӄӄайъым вай ынӄэнат плеӄӄэгтиы’м	н и в и г ы м ы н ӈ _ й ы ӄ ӄ а й ъ ы м _ в а й ы н ӄ э н а т _ п е _ _ э г т и _ ы ’ м
кытэӄэй тыгитэнэтъым ынӄо	к ы т э ӄ э й т ы г _ э н э т _ ъ ы м ы н ӄ о
у’рэӈунри тылиэ’ э’ми тылельыт ы’ттъыёлкэнат	у ’ р эӈ у н _ т ы и э ’ _ т ы е _ ь _ ы т ы ’ т т ъ ы ё к э н а т _
тынтымӈэвынат	т ы н т ы м ӈ э в _
нивигым э’ми ынръам	н и в и г ы м э ’ м и _
тылӄырэрыӈӈонат ӄэлюӄы’м	т ы ӄ ы р э р _ ӈ о н а т ӄ э ю ’ м _
лымынӄо нылейвигым чама гыргочаткынэпы чама ӄынвэт	ы м ы н ӄ о _ й в игым _ ч а м а а т к ы н _ э п ы _ ч а м а ӄ ы н в э т
ив тивтылетгъэкъым тынтоа’к	и в т и в _ е т _ г ъ э к ъ ы м т ы н т о а ’ к _
ыннэнчьэн тытыл тынтоа’нъым тъатчаӈӈоа’к ынӄэн нын	ы н н э н ч ь э н т ы т _ т _ ы н т о а ’ н _ ъ ы м т ъ а т ч а ӈ ӈ о _ а ’ к ы н ӄ э н н ы н
нивигым алымы мэлнымкыӄинэ тытлытыл ӈотӄоры ӈытогыргын вальын	н и в и г ы м а _ ы _ м э н ы м к ы ӄ и н _ э т ы т ы т ы _ ӈ о т ӄ о р ы ӈ ы т о г ы р г ы н _ в а _ ь ы н
нымкыӄин тытлытыл алымы	н ы м к ы ӄ и н т ы т _ ы _ а ы м ы _
опопыӈа э’митлён мэмлыфантан мыйъоа’н	о п о п ы ӈ а _ ит ё _ м э м ы ф _ а н т а н м ы й а ’ н _
нылейгым гыргочаткын гыргоча ынӄэн нинэгитэйгым э’митлёнэ фантан	н ы е й г ы м _ а т к ы н г ы р г о ч а _ ы н ӄ э н н и н э г и т э й г ы м _ э ’ м _ ит _ ё _ ф а н т а н _
ӄытлыги ынӄэн люутэ энаркып энаркыпчыткогъэ ӈинчьэккэтэъым	ӄ ы т ы г и _ ю у т э _ э н а р _ к ы п э н а р _ ч _ ӈ и н ч ь э к к э т э _
нивигым оо мэӈин	н и в и г ы м о о _
о’мрын ӄытлыги	о ’ м р ы н _ ы г и
ынӄэн о’мрынына	ы н ӄ э н о ’ м _ ы н а _
э’ми ӄуттиӈэ э’миы’мэ э’ми атэӄай ымы э’ми ынъэӄэй	э ’ м и ӄ у т _ и ӈ э _ э ’ м и ы ’ м _ э ’ м и а т э ӄ а й _ ы м ы _ ы н _ ъ _ э ӄ э й _
ӈоонӄо ынъэӄэй фантанык ӄача нытваӄэн	ӈ о о н ӄ о ы н _ э ӄ э й _ ф а н т а н _ ы к ӄ а ч а н ы т в а ӄ э н
атэӄайына нэлӄыричыӄи нэлӄырирчыӄиквыт	а т э ӄ а й ы н а _ э ӄ ы р _ и ч ы ӄ и н э ӄ ы р и р _ и к в ы т
еээй ынӈатал э’тки нивигым вай тынтымӈэвтык	е э э й _ а т а э ’ т к и _ н и в и г ы м в а й _ т ы н т _ ы м ӈ э в _ т ы к _
ынӄэнъымэ тыйъоа’нат лым	ы н ӄ э н ъ ы м _ т ы й ъ о а ’ _ н а т ы м
иа’м мэӈӄоры нылейвыльэтигыт	и а ’ м м э ӈ ӄ о р ы _ й в _ ы _ э т и г ы т
мытынтымӈэквыт	м ы т ы н т ы м ӈ э _
ынкъам тымӈэвыркын иа’м ынӄэн	ынкъам т ы м ӈ э в ы р к ы н _ _ ы н ӄ э н
а’йыӈ э’йӈэльэтгъи кытэӄэй ӄэлюӄ эт	а ’ й _ э ’ й ӈ э э т г ъ и _ к ы т э ӄ э й ӄ э ю ӄ _ э т _
ӄытлыги’м ынӄэн вэтчатваӈӈоэ’’м	ӄ ы т ы г и _ в э т ч а т в а ӈ ӈ о э ’ _ ’ м _
яраруӄӄэмлылеӈэвъэнӄэй	я р а р у ӄ ӄ э м _ ӈ э в ъ э н ӄ э й
гымнин ытльаӄай нырэлгыӄанъявӈытаӈӄэн	г ы м н и н ы т _ а ӄ а й _ н ы р э г ы ӄ _ а н ъ я в ӈ ы т
нивӄин э’птэ гым ивкэ мэлгыӄанъявӈытаа’к	н и в ӄ и н э ’ п т э _ и в к э _ _ ы ӄ _ а н ъ я _ в ӈ ы т
ынкъам мъэӄимлынӈээ’к	ынкъам м ъ э ӄ _ _ ы н ӈ э э ’ к
гымнан тивын	г ы м н а н т и в ы н
э’тки ынӄэн ынӄэнэ	э ’ т к и ы н ӄ э н _ э _
э’тки ынӈэ ынӄэн ягмалеччо нэрэтчыгыт	э ’ т к и ы н ӈ э _ я г _ м а _ е _ ч ч н э р э т ч ы г ы т
ынӄэн нылгэмаравръоӄэнат чама ръа имыръэнут нинэнпирӄыӄин ынӄэн	ы н ӄ э н н ы г _ а р а в _ р ъ о ӄ э н а т ч а м а р ъ а _ и м ы р ъ э н у т _ н и н э н п и р ӄ _ ыӄин _ ы н ӄ э н
эгэй ытлён иквъи	э г э й ы т _ н _ и к в ъ и
итыкъым льэлеӈкыӈэ ныялгынморэ	и т ы к ъ ы м _ э е ӈ к _ ы ӈ э н ы я г ы н м о р э _
ытръэч ынӄэн лгиинъэ ныгъевмури	ы т р ъ э ч ы н ӄ э н г и и н _ _ н ы г ъ е в _ м у р и
ымы мургинэ ынпыначгынэ ы’вэӄучин тумгытум ы’вэӄучин ытлыгын мык гымыгтумгин ытлыгынэ	ы м ы м у р г и н _ ы н п ы н а ч г ы н _ э ы ’ в э ӄ у ч _ и н т у м г ы т у м _ и н _ ы т _ м ы к _ г ы м ы г т у м г и н _ ы т _ ы г ы н э _
моргынан нынлеӄоно нинъэйӈэвмури	м о р г ы н а н н ы н _ ӄ о н _ о н и н ъ э й ӈ э в м у р и
ынпыначгын	ы н п ы н а ч г ы н
ынӄэн нинэныгъевмури ымы ӈинӄэгти ымы ныӄамэтвачайоморэ инъэ лгиинъэӄэй	ы н ӄ э н н и н э н _ м у р и _ ӈ и н ӄ э г т и _ н ы ӄ а м э т в а _ ч а й _ о м о р э _ и н ъ э г и и н ъ _ э ӄ э й _
ӄорыӈэ ныръэйвэнмури яраӈы	ӄ о р ы ӈ э _ э й в э н м у р и _ я р а ӈ ы
нырэтэмӈытэнмури ымыльэты ынӄэнэ	н ы р э т э м э н м у р и _ ы м ы ь э т ы _ э
ынӄоры ӄлявылтэ норвынпэтгавӄэнатъым	ы н ӄ о р ы ӄ _ в ы т _ э н о р в ы н п _ э т г а в ъ ы м
ынӄэн виин рыюльынэ рыюльэ виин ынӄэнэ ӄаагтынолгынэ нинэ нинэныпкирэтӄинъым	ы н ӄ э н в и и н _ ь _ ы н э _ р ы ю ь э в и и н _ ы н ӄ э н э _ _ ы н о г ы н _ э н и н н и н э н _ ы п к и р э т ӄ и н ъ ы м _
тэкэм инъэъымэ ӄэлюӄы’м нычайпанморэ чамаъым ынӄэнэ эръэт нэмыӄэй амрачайоӈа	т э к э м и н ъ э _ э _ ӄ э ю ӄ ы ’ м _ а й п а н м о р э _ ъ ы м ы н ӄ э н _ э э р ъ э т _ н э м ы ӄ э й а м р _ а ч _ а й _ о ӈ
ынӄэнэ ӄаагтынолгын эмрэнъылиӈэ энэӄылпэ нычайоморэ ынан ӈинӄэгти нэнанӄамэтвавморэ ынӄоры ӈэлвыл нинэнъылимури	ы н ӄ э н э _ ы н о г ы н _ э м р э н ъ ы _ и ӈ э э н э ӄ ы п э _ а й о м о р э _ ы н а н ӈ и н ӄ э г т и н э н а н ӄ а м э т в а _ в _ м о р э _ ы н ӄ о р ы ӈ э в ы _ н и н э н _ ъ ы _ и м у р и
ныӄор ныӄорагыркэморэ ӈэвэӄ	н ы ӄ о р _ о р а г _ ы р к э м ӈ э в э ӄ
ымыӈэ гым тумгынэ нинивӄин	ы м ы ӈ э _ т у м г ы н э _ н и н и в ӄ и н _
э’птэ ӄыӄорагыркэ ӄыӄорагыркэркын ынӄэн ӄинэвинрэтыркын	э ’ п т э ӄ ы ӄ _ а г ы р к э _ ӄ ы ӄ а г _ ы р к э р к ы н ӄ и н э в и н р э т ы р к ы н _
ынпыӈэвытъым ӄэлюӄы’мэ ынӄэн нэмыӄэе	ы н п ы ӈ э в ы т ъ ы м _ ӄ ы ’ м _ ы н ӄ э н н э м ы ӄ э е _
ӈоонӄоӈэ мэӈӄо поӄэпы нэнанӈытоӈанморэ	ӈ о о н ӄ о ӈ э _ п о ӄ _ э п ы _ н э н а н ӈ ы т о ӈ _ а н м о р э
гым тэӈэмпиритэ ынӄэнэ рырвинрыёт чеймыкинэт ынӄэнат гымнан а’тав нэнайпатэвым	г ы м т э ӈ э м _ и т э _ ы н ӄ э н р ы р в и н р _ ч е _ й м ы к _ и н э т ы н ӄ э н а т г ы м н а н _ н э н _ а й п а т _ э в _ ы м
ытлёнъым эӄылпэ ӈэвэӄэ еп айвэ титэ ы’ттъыёле ынӄэн раёвынвыл раёвынвылӄылтэӈэ ынпыначгаӈэ нэнаёпат нинэлӄырирӄинэтъым	ы т ё _ ъ ы м э ӄ ы п э _ э е п _ а й в э т и т э _ _ ы ё _ е _ ы н ӄ э н р а ё в ы н в ы _ р а ё _ в ы н в _ ы т э ӈ э ы н п ы н а ч г а ӈ э н э н а ё п а т _ н и н э ӄ ы р и р _ _ ъ ы м
нырэювмури ынӄэнэ ныӄаавъянморэ	н ы р э ю _ м у р и э н ы ӄ а _ а в ъ я н _ м о р э
гымнанэ ӄэлюӄ рырвинрыёт кааръаматыльыт чеймыкинэт нинэт нэнавъятэвым итык чама	г ы м н а н э _ ӄ р ы р в и н р _ к а а р _ ъ а м а т ы _ ь ч е й м ы к _ и н э т н и н э т н э н а в ъ я _ т э в _ ы м и т ы к ч а м а
чымӄыкъым эты тумгэ ы’вэӄучитэ нэнайпа нэнавъятӄэнат	ч ы м ӄ ы к ъ ы м _ т у м г э ы ’ в э ӄ у ч и т э _ н э н а й п _ _ н э н а в _ ъ я т ӄ э н а т _
ӈэвъэн	ӈ э в ъ э н
нытарагморэ мури гэтумгинэтэ ӈинӄэгти виинэ ӄоо миӈкы лымынӄо нылейвыӄинэт	н ы т а р а г _ м у р и г э т у м г и н _ э т э _ ӈ и н ӄ э г т и в и _ и н э _ м и ӈ к ы ы м _ ы н ӄ о _ н ы е _ й в ы ӄ и н э т
нытарагморэ нытарогморэ	н ы т а р а г _ н ы т а р о г _ м о р э
юргаюкъыма ӄол итгъи ынӄэна чыӈатэнмычыкоеквэ нылеӄинъым	ю р г а _ к ъ ы м а ӄ о и т г ъ и ы н ӄ э н _ а _ _ э н м ы ч ы к о _ е к в э н ы е ъ ы м _
люут э’ӄэльэӈа танӈа ӈалгылёӈа натагъан нэйпыгъэн ръэт	ю у т э ’ ӄ _ ь _ э ӈ а т а н ӈ а ӈ а г _ ы ё _ н а т а г ъ а н _ э й п ы г ъ э н _ р ъ э т
и’ӈыт чвининэтъыма	и ’ ӈ ы т ч _ и н и н э т _ ъ ы м а
янратъэчгына ӈачгытъэлгык ӈач ӈачгыӈкы э’левнинъымэ	я н р а т _ г ы н а ӈ а ч г ы т ъ э г _ ы к ӈ а ч ӈ а ч г ы ӈ к ы _ э ’ _ е в н и н _ ъ ы м э
и’лгын мраӈӄа гакаӈӄорэн мраӈэ’ӈыкъым	и ’ г ы н _ а ӈ ӄ а _ г а к а ӈ ӄ о р э н м р _ а ӈ э ’ _ ъ ы м
мыльурэгъи ынкы наӄам пиӈэтчыӈын лыгэныввалявнэн	м ы ь _ э г ъ и ы н к ы п и ӈ _ _ ч ы ӈ ы н _ ы г э н ы в _ я в н э н
тэӈэвыт лыгэнывваляв чама рыввиръувнинъым	т э ӈ э в ы т _ ы г э н ы в _ я в р ы в в _ и р ъ _ у в н и н ъ ы м
нынъувэвытылеӄин э’ӄэльэ’м	н ы н ъ у в _ ы е ӄ и н э ’ ӄ э ь э _ ’ м
нэгитэгъэн эвына выегалягъэ въялгалягъэ эвына	н э г и т э г ъ э н а _ _ г а я _ г ъ э в ъ я г а _ я г ъ э э в ы н а
энмыткынык напэӄовтытэвляӄэн	э н м ы т к ы н ы к э ӄ _ о в т ы т _ э в я ӄ э н
ытръэч	ы т р ъ э ч
энмэн гатвален кальайӈын ынкъам пчеӄалгын	э н м э н г а т в а _ к а _ ь а й ӈ ы н _ ы н к ъ а м п ч е _ _ г ы н
льувылгыгъэт	ь ы г _ ы г ъ э т
иквъэт ги мынӄымлёченмык	и к в ъ э т г и _ ы м _ ё ч е н _ м ы к
кальайӈын эгэ мынӄымлёченмэв	к а ь _ э г э м ы н ӄ _ ы м ё ч е н _ м э в
кальайӈын янот гым мӄымлёчетык	к а ь _ я н о т г ы м м _ ӄ ы м _ ё _ ч е т ы к
пчеӄалгын иквъи эгэ евъев	п ч е _ г ы н и к в ъ и э г э _ е в ъ е в _
оонъылгыӄай пиринин	о о н ъ ы г _ п и р и н и н
энаркэынэн гыткалгыӄай	э н а р к э _ г ы т к а г ы ӄ а й _
выквылгыйӈын пиринин кальайӈа	в ы к в ы г п и р и н и н _ к а ь _ а й ӈ а _
чит ӄымлёркынэн пчеӄалгыӄай	ч и т ӄ ы м _ р к ы н э н _ п ч е ӄ а г _
пчеӄалгыӄайа гыткалгын гэнрултэтлин	п ч е ӄ а г _ а г ы т к а г ы н г э н _ р у т _ э т и н
оонъылгын гэтриллин	о о н ъ ы г ы н _ р и и н _
эв ии рыпэт чыпъэв	э в и и _ ч _ ы п _ ъ э в _
ытръэч	ы т р ъ э ч
ӄол титгъэк тынотапынмынтагъакъым	ӄ о т и т _ т ы н о т _ а п ы н м _ а г ъ а к ъ ы м
клюпыӈӄачагты тычейвыткугъакъым	к ю _ ӄ а ч а г т ы т ы ч е й в ы т к у г ъ а к _ ъ ы м
ынкы клюпык ӄача ӄычекытвальымкына тыйъоа’нъым тымӈылёнат	ы н к ы к _ п ы к _ ӄ а ч а ӄ ы ч е к ы т в а _ ь _ ы м к ы н а т ы й ъ о а ’ н _ ъ ы м ы ё н а т _
ныръэтури	н ы р ъ э т у р и
иквъи амвынэ камчамолтэ нумэкэтӄинэт	и к в ъ и а м в _ ы н э _ к а м а м _ э н у м э к э т ӄ и н э т
ээ микынти’м камчамолтэ	э э м и к ы н т и _ _ ч а м _ э
ынӄэнъымэ тагмэгчетъянвытъым ӈэнъянвыт	ы н ӄ э н ъ ы м _ т а г м э г ч _ е т ъ я н в ы т ъ ы м ӈ э н ъ я н в ы т
ээ эты гым камчамолевым	э э э т ы _ к а м _ ч _ а м _ е в ы м
иквъэтэ амвынэ гыт эвнумэкэткэ	и к в ъ а м _ в ы н э _ г ы т э в н _ эткэ _
ээ эвыӈан ӄырымэнайгым камчамолевым	э э э в ы ӈ а н _ к а м _ ч _ а м _ е в ы м
трагтыгъак	т р а г т ы гъак _
ӈуткэкин омваамвыкэн тымӈэлӄот нымӈылтэлӄэн	ӈ у т к э к и н о м _ в ы к э н _ о т н ы м ӈ ы т _ э ӄ э н
ӄол титгъэк тынотапынмынтагъакъым	ӄ о т и т _ т ы н о т _ а п ы н м _ а г ъ а к ъ ы м
клюпыӈӄачагты тычейвыткугъэк	к ю _ ӄ а ч а г т ы т ы ч е й в ы т к у г ъ э к
ынкы ӄычекытвальымкына	ы н к ы ӄ ы ч е к _ ь _ ы м к ы н а
тыйъоа’н тымӈылёнат ныръэтури	т ы й ъ о _ т ы м ӈ н а т _ н ы р ъ э т у р и
иквъэт вынэ вай камчамолтэ нумэкэтӄинэт	и к в ъ э т в ы н э в а й _ к а м _ _ а м _ э н у м э к э т ӄ и н э т
ээ эты вай гым камчамолевым	э э э т ы _ г ы м _ к а м _ _ а м _ е в ы м
вы гыт ынӈин эвнумэкэткэ	в ы ы н ӈ и н _ э в н _ у м э к _ эткэ _
ээ микынти’м камчамолтэ	э э м и к ы н т и _ _ ч а м _ э
ынӄэнъыма ӈэнъянвытъым тагмэгчеръянвыт	ы н ӄ э н ъ ы м а _ ъ ы м т а г _ м э г ч е р ъ _ я н в ы т
амвынэ трагтыгъак	а м в ы н э _ т р г ъ а к _
тивымкэ тивык этаны вай ӄырымэнайгым камчамолевым	т и в ы м к э _ э т а н ы в а й _ ӄ ы р ы м э н а й г ы м _ к а м _ ч _ а м _ е в ы м
омваамвылгэты гэймэвлин катюша катюша	о м в а а м в ы г _ г э й м э в и н _ к а т ю _ а к а т ю _ а
гапыгынмасӄэвлен колё катюша катюша	г а п ы г ы н _ с ӄ э в е н к о ё к _ а т ю _ а к а т ю _ а
ынкъам колё нинэнмытӄин	ынкъам к о _ н и н э н _ м ы т ӄ и н _
нинэнмытпытӄынмытӄин	н и н э н м ы т п ы т _ м ы т ӄ и н
таӈванэван нэйитгъэн пыгпыг ӈан пыгпыг ӈан	т а ӈ в а н э в а н н э й _ п ы г п ы г _ ӈ а н п ы г п ы г _ ӈ а н _
тэлеӈкы гатвален о’равэтльан	т э е _ г а т в а е н о ’ р _ а в э т ь а н _
ныӄааркываляркыляӄэн	н ы ӄ а к ы _ в а я р к ы я ӄ э н
люут элгаро эрэтгъи	ю у т э г _ о _ э р э т г ъ и
ынӈин льэлеӈитгъи ӈэргэргитгъи льэлеӈитгъи	ы н ӈ и н ь _ ӈ и т _ г ъ и ӈ э р г и т г ъ и _ ь э е ӈ и т _ г ъ и
кыткытык ылвылютэ нинивӄин	к ы т к ы т ы к ы в _ т э _ н и н и в ӄ и н
мэсӄымавыч мэсӄымэк гииӈитгъи	м э с ӄ ы м _ ы ч м э с ӄ ы м э к _ г и и т г ъ и _
ӈинӄэй ӈээккэӄэй ӄынрагтатгынат	ӈ и н ӄ э й ӈ э э к к э ӄ э й _ а т г ы н а т _
ӈинӄэй кэйӈывилюну ӄытэнынныӈгын	ӈ и н ӄ э й к э й ӈ _ и _ ю н у ӄ ы т э н ы н н ы ӈ г ы н _
ӈээккэӄэй ӈээккэӄэй нут нутэӈэвытыну	ӈ э э к к э ӄ э й ӈ э э к к э ӄ э й _ н у т э ӈ э в ы т _ ы н у _
ынӄэн яральата энмэч гынин эвиръыт нэнылгывэтыркынэт	ы н ӄ э н я р _ ь _ а т а э н м э ч г ы н и н э в и р ъ ы т _ н э н _ ы г _ ы в _ э т ы р к ы н э т
ынӄо ылвылютэ рытрилнин ӄлявыл	ы н ӄ о ы в _ т э _ р ы т р и н и н ӄ _ я в ы _
ыныгрээн ӈинӄэй ӈээккэӄэй	ы н ы г р э э н ӈ и н ӄ э й _
наӄам кэйӈывилюльыт	н а ӄ а м к э й ӈ _ и _ ю ь ы т
ылвылютэ ивнин никут	ы в ы ю _ и в н и н н и к у т _
айвачыӈӄачайпы ӄининиги	а й в а ч ы ӈ ӄ а ч а й п ы ӄ _ и г и _
митъэлыги ӈан маёлгын ӄанарайъо йъот’ра нарайъотляты ӄывъёпчагынат	м и т ъ э ы г и _ м а ё _ г ы н _ ӄ а н а р а й ъ о _ й ъ о т ’ р _ а н а р а й ъ о т _ я т ы ӄ ы в ъ ё п _ г ы н а т
ангынтавкэгты	а н г ы н т а в _
ынӄэн гынинэт эвиръыт нэнылгывэтыркынэт	ы н ӄ э н г ы н и н э т _ н э н _ ы г _ ы в _ э т ы р к ы н э т
айвачыӈкы тагъэ	а й в а ч ы ӈ к ы _
мач гыргочайпы выёпчанэнат	м а ч г ы р г о ч а й п ы _ ч _ а н э н а т _
эвиръынлельыт яральыт	э в и р ъ ы н е _ ы т я р а ь _ ы т
нэгитэгъэн нэлкылгъэн	н э г и т э г ъ э н ы г ъ э н _
наӄам ыныгрээн ӈиръэ нэнэнэт	н а ӄ а м ы н ы г р э э н _ н э н э н э т _
эвын ӄымэк гынтэквъэтъым	э в ы н ӄ ы м э к _ ъ ы м _
ынан ивнинэт	ы н а н и в н и н э т
ынӄэнэ ынӄэнайгым	ы н ӄ э н э _
ванэ гым мраквачак	в а н э м _ р а к _ в а ч _ а к
ӈотӄэнат гымнинэт нэнэнэт	ӈ о т ӄ э н а т г ы м н и н э т _
ынӄо ӈинӄэй ӈээккэӄэй нутэӈэвыт	ы н ӄ о ӈ и н ӄ э й _ н у т э ӈ э в ы т _
йъарат накапчачгэтагъан ынӄо лгэкоргаквъат	й ъ а р а т н а к _ г э т _ а г ъ а н ы н ӄ о г э к о р _ г а к в ъ а т _
лгэкоргаквъатъым нанрагтатынат	г э к о р _ ъ ы м
ынкъамэ ӄаӈан микынти игыт яатльат тынтыяатынат	ынкъам э _ а ӈ а н м и к ы н т и _ и г ы т я а т _ ь _ а т _ т ы н т ы я а т ы н а т _
кымгытчитгъи кымъылгыӄэй	к ы м г ы т ч и т _ к ы м ъ ы г ы ӄ э й _
ӄольым нэмэ ынык ӄача	ӄ о ь _ н э м э ы н ы к _
кымъырултын кымъытэгын кымгытчитгъэт мимлытэгнык	к ы м ъ у т _ ы н к ы м ъ ы т к ы м г ы т _ ч и т г ъ э т _ м и м э г н ы к _
уттыӄэйэ мывинрэтгъэк юръэ йигрэ кымгытчитгъэт	у т т ы ӄ э й э _ г ъ э к ю _ э _ й и г р э к ы м г ы т ч и т _ г ъ э т _
гытэӈпылытъымкытгынтыйъакытгынтыпалина	г ы т э ӈ п ы _ к ы т г ы н т ы й ъ а к ы т г ы н т ы п и н а
гытэӈйъапылытъымкытгынтыпалина	г ы т э ӈ й ъ _ п ы ы т ъ ы м к ы т г ы н т ы п а и н а
гытэӈйъапылытъымкытгынтыарина	г ы т э ӈ й ъ _ п ы ы т ъ ы м к ы т г ы н т ы а р и н а
нӄэнэ ымыӈ нытваӄэнэ ынӄэнэ ӈинӄэй а’ачеӄӄай ӈэлвыльыкыӈа	н ӄ э н _ ы м ы ӈ н ы т в а ӄ э н э _ ы н ӄ э н _ э ӈ и н ӄ э й _ а ’ а ч е ӄ ӄ а й ӈ э в _ ы _ ь _ ы к ы ӈ а
гытгак а’йӈама тыр тыркыльэ тыркыльэ ӄора ӄоратыр тыркыльэ гаегъентолен	г ы т г а к а ’ _ а м а _ т ы р к ы _ ь э _ т ы р к ы ь э _ ӄ о р а ӄ о р а т ы р _ т ы р _ к ы ь э _ г а е г ъ е н т о _ е н
йъэ гытга рынна гагтоленат	й ъ э _ г а р ы н н а _ г а г т о е н _ а т _
ынӄэн гатвален ынӈин пыӈыл тит тэленъеп	ы н ӄ э н г а т в а _ ы н ӈ и н _ п ы ӈ ы _ т и т _ т э _ е н ъ е п _
ӄытлыги рэнрильилгынэ гапанрэватлен ынӄэнэ	ӄ ы т ы г и _ р и ь _ и г ы н э г а п а н р э в _ а т е н ы н ӄ э н э
э’рыкут гым ым мэм мэмлетыӈэ трэӄыгъэк	э ’ р ы к у т г ы м _ м э м _ м э м _ е т _ ы ӈ э _ т р э ӄ ы г ъ э к _
читъым читъым э’квырга пэлг пэлгытагнэты мимлечы тымимлычыкутгъэк	ч и т ъ ы м ч и т _ э ’ _ ы р г а _ п э г э г ы т _ а г н э т ы _ м и м е ч _ ы и м ы ч ы к _ у т г ъ э к
тэлиӈ тэ тъаӄалеӈӈытоа’къым	т э _ т э т ъ _ а ӄ а е _ ӈ ӈ ы т о ъ ы м
ӄытлыги ынӄэ лёльолгын ранрэльэлгэпы гэпинтыӄэтлин	ӄ ы т ы г и _ ӄ э ё _ ь о _ р а н р э ь _ э г э п ы г э п и н т ы ӄ и н _
ӄы ӈоонко ӈинӄэгти нивӄинэт	ӄ ы ӈ о о н к о _ н и в ӄ и н э т _
ыммэмэй эӄылпэ ынӄэн ръэнут ынӄэ гынин у’рэквъи	ы м м э м э й ы п э _ _ р ъ э н у т ы н _ _ г ы н и н _ у ’ р э к в ъ и
ванэван мычичевнэт	в а н э в а н м ы ч _ н э т _
тынарагтын нэмыӄэй нивӄин	т ы н а р а г т _ н э м ы ӄ э й н и в ӄ и н
ынӄэнэ ӄытэнкэвӈыгын	ы н ӄ э н э _ э н к э в ӈ _ ы г ы н
ръэнут	р ъ э н у т
танӈыӈавӄай ӈутку иквъи	т а н ӈ ы ӈ а в ӈ у т к у _ и к в ъ и
ынӄэнэ рэнрильилгын ӄытэнкэвӈыгын	ы н ӄ э н э _ р и ь _ и г ы н ӄ ы т э н к э в ӈ _ ы г ы н
тыгитээ’н ӈоон ынӄэн	т ы г и т э _ ӈ о о н ы н ӄ э н
лёльолгын гэпинтыӄэтлин нивигым ын тэӈынӈин	ё ь о _ г э п и н т ы ӄ э т и н _ н и в и г ы м ы н т э ӈ ы н ӈ и н _
ӄун ынпычьэккэтэ тынтоа’к мытэ мытъабэтчыӄэвмык ынпычьэккэтэ нинивӄин	ӄ у н ы н п ы ч ь э к к э т э _ ы н т о _ а ’ к _ м ы т э м ы т _ ъ а б _ э т ч ы ӄ э в ы н п ы ч ь э к к э т э н и н и в ӄ и н
лыгэн мама ынӈин вальын ымыльорыкы нэл нэнанкалровӄэн	ы г э н м _ ы н ӈ и н _ в а ь ы н _ _ ь о р ы к _ ы н э н э н а н _ к а р _ о в ӄ э н
ӄэлюӄы’м тэнӈу мытытчыгъэн лыгэн лёльолгын пинтыӄэтыльын ынӄэнэ ранрэльэлгычыкойпы	ӄ э ю ӄ ы _ м ы т ы т ч _ ы г ъ э н _ ы г э н ё _ _ п и н т ы ӄ э т ы ь ы н _ ы н ӄ э н э р а н _ р э ь _ э г ы ч ы к о й п ы
мама лыгэн ымыльорыкы нэльуэ’н	м а м а _ ы г э н ы м ы _ о р ы к _ ы н э ь _ у э ’ н
наӄам ванэ никвъэн ръэнут нэльуэ’н	н а ӄ а м в а н э _ р ъ э н у т _ н _ э _ ь _ у э ’ н
гэгэргыпынчилин ӄэлюӄэ чама юрэӄы’м ынӄэнэ ӈыркылятгъэ	г э г э р г ы п ын _ ч и и н ӄ э ч а м а _ ю р э ӄ ы _ ’ м _ э ӈ ы р _ к ы я т г ъ э _
гатваленат ӈиръэ ӈэвъэнйыръын	г а т в а е н _ ӈ и р ъ э ӈ э в ъ э н й ы р ъ ы н
ӄол ковлёвльольынъым ӄоле ивлыльулӄылльын	ӄ о к о в _ в _ ь о ъ ы м ӄ о е и в _ ы ь _ у ӄ ы ь ы н
ынкъам гъэтйивлинэт	ынкъам г ъ э т _ _ и н э т
ӄол ни нинивӄин	ӄ о н _ н и н и в ӄ и н _
гынин льулӄыл ӄнут кокатчетъёлгын	г ы н и н ь _ ы _ ӄ н у т к о к _ а т ч е т _ ъ ё г ы н
ӄольым иквъи	ӄ о ь _ и к в ъ и
гынинъым ӄнут рэпалӄыёлгын	г ы н и н ъ ы м _ н у т р э п _ а ӄ ы ё г ы н _
миӈкэтэ лымэвыт ваамъеквэъым лымэвыт аӈӄаеквэ нылеӄин магляльынъым	м и ӈ к э т э э в ы т _ в а а м ъ е к в э _ ъ ы м ы м _ э в ы т а ӈ ӄ а е к в э _ н ы е ӄ и н _ м _ а г я _ ь ы н ъ ы м
люут льунинэ элгъоравэтльан	ю у т ь _ э _ э г ъ о р а в э т _ ь а н
йыӈэнинъым ченэтрагты танэн ынкыӈэ	й ы ӈ э н и н ъ ы м _ т а н э н ы н к _ ы ӈ э _
выткуӈэ чыкээквъиы’мэ	в ы т к у ӈ э _ ы ’ м _
пэнъёлгыткоӄэн ръэнут эты эчкимоч леӈытаӄ	п э н ъ ё _ к о ӄ э н р ъ э н у т э т ы э ч _ к и м _ о ч _ е ӈ ы т а ӄ _
ынкы нэнаномаватӄэн	ы н к ы н э н а н _ а т ӄ э н _
нинэгитэӄин ръэмиӈкэкин ӈотӄэн о’равэтльан	н и н э г и т э ӄ и н р ъ э м _ э к и н _ ӈ о т ӄ э н о ’ р а в э т _ ь а н _
игыт марэгына манэгран нанкалыроквъан уттынутэкэнэ чамаӈа ваамлыӈкы вальын	и г ы т м а р _ а _ м а н э г р а н н а н к а _ ы р _ о к в ъ а н у т т ы н у т э к э н э _ ч а м а ӈ а в а а м _ ы ӈ к ы в а _ ь ы н
валӄылыргытанӈын тинлылельынэ	в а ӄ ы _ а н ӈ ы н т и н ь _ ы н э
ынӄэнэ ръэнут нинэтэйкыӄин кэликэл юрэӄы’мэ	ы н ӄ э н э _ н и н э т э й к ы ӄ и н к э _ и к э _ ю р э ӄ _ ы ’ м _
ӈаргыночьыт нинэтэнгыеӈӄээт миӈкыри вальыт	ӈ а р г ы н о ч ь _ н и н э т э н г ы е ӈ ӄ _ э э т м и ӈ к ы р и в а ь _ ы т _
вытку льунин ынӄэн игыт	в ы т к у ь _ ы н ӄ э н _ и г ы т
ытръэч	ы т р ъ э ч
и’ныӈэ энмэна эн ынӄэн и’ны мэльыттъывытрынэ ӄынут гэгиинрэлин ӄынутэ гытъэвыльын гэймэвлин о’равэтльак	и ’ н ы ӈ э _ а э н _ ы н ӄ э н и ’ н ы _ м э _ ь _ ы т т ъ _ ы в ы т р ӄ ы н у т г э г и и н _ р э _ и н у т э г ы т ъ э в _ ы ь ы н _ г э й м э в и н _ о ’ р а в э т ь а к _
ытръэч	ы т р ъ э ч
ӄонпы нывичвэтчыӄивӄинэтъым ныманэванлясӄэвӄэнат	ӄ о н п ы н ы в _ ч ы ӄ _ и в ӄ и н э т ъ ы м н ы м а н э в а н _ я с ӄ э в ӄ э н а т
ӄынвэт иран ирана нинэльуӄин чиниткин экыкv эймэвыльын ыныкагты’м	ӄ ы н в э т и _ и р _ а н а н и н _ э ь _ у ӄ и н ч и н и т к и н э к ы к э й м э в _ _ ь ы н _ ы н ы к а г т ы ’ м
нъыръыйылӄыӈӈоӄэн ынӈин вай	н ъ ы р ъ ы ӈ ӈ о ӄ э н _ ы н ӈ и н в а й
эккэтэ’м ынӈин ынӄэн нинэгитэӄинъым	э к к э т э ’ м _ ы н ӄ э н н и н э г и т э ӄ и н _ _
ӄынвэт ӄынвэт нытанӈыткоӈӈоӄэн	ӄ ы н в э т ӄ ы н в э т _ ы т к о _ ӈ ӈ о ӄ э н _
ыммэмы ӄэнаманэлпынрыгэ	ы м м э м ы _ а м а н _ ы н р ы г э
ынкы ӄээӄынъым мывичвысӄиквъэк	ы н к ы ӄ э э ӄ ы н ъ ы м _ _ и ч в ы с ӄ _ и к в ъ э к
эээ ӄэлюӄы’м нэнаманэлпынрыӄэн	э э э ӄ э ю _ ’ м _ э п _ ы н р ы ӄ э н
мургинэт нэмыӄэй ныетӄинэт ӈинӄэгти	м у р г и н э т н э м ы ӄ э й _ ӄинэт _ ӈ и н ӄ э г т и _
нэмыӄэй ныманэванлясӄэвӄэнат	н э м ы ӄ э й н ы м _ э в а н _ я с ӄ э в ӄ э н а т
э’тки вай ӄээӄын мытылгирывичвэнӈыркын	э ’ т к и в а й ӄ э э ӄ ы н _ _ ы г _ и р _ э н ӈ ы р к ы н
ӄэлюӄы’м ытлыгэ нэнаманэлпынрыӄэнатэ амъянра наӄам	ӄ э ю ӄ ы _ ы г э н э н а м _ э п _ ы н р ы ӄ э н а т э а м ъ я н р а н а ӄ а м
ынӈинъымэ	ы н ӈ и н ъ ы м _
нэмэ ын нэмэ ынӄэн ӈыро комната ныйъоӄэн	н э м э ы н _ ы н ӄ э н _ ӈ ы р _ _ к о м _ н а т а _ н ы й ъ о ӄ э н
ынпыӈэвӄэй кымъыӈэӄэйъымэ летынтагравнэн ытльаӄай лгитэленъепкинэ лыгэн лгиынпыӈэвӄэй аръаля	ы н п ы ӈ э в ӄ э й к ы м ъ _ э ӄ э й _ ъ ы м э е т ы н т а г р _ а в н э н ы т ь а ӄ а й _ г и т э е н ъ е п _ э ы г э н г и _ ы ӈ э в _ ӄ э й а я
купрэткумуриӈэ ямгагытгыкъым рээн ӈоонӄо ваӈӄарэмак ӄача кынмаӈӄакъым	к у п р э т у р _ и ӈ э я м г _ а г ы т ъ ы м р э э н ӈ о о н ӄ о в а ӈ ӄ _ а р _ э м _ ак ӄача к ы н м а ӈ ӄ _ ъ ы м _
нэкэм вай ынӄоӈэ ваӈӄарэмараӄаеквэйпыӈэ таӈо’ра выквыткойӈыт ынӈин вэтляквыткойӈыт вальытъымэ	н э к э м в а й _ ӈ э _ _ а р э м _ а р а ӄ э й п ы ӈ э т а ӈ о ’ р а _ в ы к в ы т к о й ӈ ы т _ ы н ӈ и н в э т я _ к в _ ы т к о й ӈ ы т в а ь ы т ъ ы м _ э
нивӄинэ	н и в ӄ и н э
ӈанӄаатъым ӄынут ӈанэ ӄытлыги тэленъепэ тылельытэ миӈкы имлетгынтэвыльыт ӄэлюӄы’мэ ӈанӄэ чит таӈымыльэтыӈа ӈотӄэн нутэнут мургин мимлычыку вальын	ӈ а н ӄ а а т _ ӄ ы н у т ӈ а н э _ ӄ ы т _ ы г и т _ э е н _ ъ е п э т ы е ь _ ы т э м и ӈ к ы и м е т _ г ы н т э в _ ы ь ы т ӄ э ю ӄ ы ’ м _ ӈ а н ӄ э ч и т _ т а ӈ ы м ы _ ь _ э т ы ӈ а ӈ о т ӄ э н н у т э н у т м у р г и н _ м и м _ _ в а _ ь ы н
ынкъамэ ынӄэна	ынкъам э _ а
ынӄэна	ы н ӄ э н а
ынкы имлетыкъыма чит ӈутку мургынутэ вальыт камагӈалвыльыйӈытъыма	ы н к ы и м _ ъ ы м а _ ч и т ӈ у т к у м у р _ г ы н _ у т э _ в а ь ы т _ к а м а г ӈ а в _ ы ь ы й ӈ ы т ъ ы м а
игыт ӈан рынныт ынӄаатэ нутэкэ ръылӄычыку ръылӄывээмык рээн ныльуӄинэтэ	и г ы т ӈ а н _ ы н _ ӄ а а т _ э _ н у т э к э р ъ _ ы ӄ ы ч ы к у _ р ъ ы ӄ _ э э м ы к р э э н н ы _ у ӄ и н э т _ э
чит нымкыӄин колё камагтэ	ч и т н ы м к ы ӄ и н _ ё _ к а м _ а г т э
ынкъамэ ынӄэнатаӈа энмэна о’равэт о’ о’равэтрамкына гэегтэллин энмэна	ынкъам э _ а ӈ а э н м э н _ а о ’ р _ а в э т о ’ _ о ’ р а в э т _ р а м _ к ы н а г т э _ э н м э н а
ӄол мыгнэнэнэльынъымэ мэйӈынэнэнэтэӈ нэнатратӄэн аӈӄы нэналпынрыӄэнъымэ	ӄ о м ы г _ э н э _ ь ы н ъ ы м э м э й ӈ ы н э н э н э т _ э ӈ н э н а т р а т ӄ э н _ а ӈ ӄ ы ы н р _ ы ӄ э н _ ъ ы м э
амынан рыгнуннин нанӈэнчьан нэнэныӈ	а м ы н а н р ы г _ у н _ н и н н а н ӈ э н _ ы ӈ
къама мимлык нэмэ пэлӄынтэттылеъи’м къам иултиӈэгчыкыквальынэ ръэвинэ ы’мйиквин ынӄэнэ амылӄыквальын ынкы гамылӄыпэлятлена ръэв	к ъ а м _ м и м ы к н э м э _ п _ ы н т _ т ы е ъ и ’ м ъ а м и _ у т и ӈ _ э г ч ы к ы к в а ь ы н э р ъ э в и н э ы ’ м _ й и к в и н ы н ӄ э н _ э а м _ ы ӄ ы к в а _ ь ы н ы н к ы г а м ы ӄ _ ы п э _ е н а р ъ э в
ынӄэн нэмэ мимыл гэквэтлин гэтэлпылин аӈӄакэн	ы н ӄ э н н э м э _ ы _ г _ э к в э т и н _ г э т э п ы _ и н а ӈ ӄ а к э н
льэлеӈръукэ тэкэм ӄуульэтык ӈутри наймыӄаат энмыгэӈэтыӈа	ь ӈ _ р ъ у кэ т э к э м _ э т ы к _ ӈ у т р и н а й м ы ӄ а а т _ э н м _ ы г э ӈ э т _ ы ӈ а
ковлёрвоор ковлёрвыткольын танӈынотайпы етыльын	к о в в о _ о р к о в ё р в ы т к о _ ь ы н т а н ӈ ы н о т а й п ы е т ы _ ь ы н
еп инъыӈӄач гатымӈэвлен тагмынгытчьэты тыликъым	е п и н ъ _ г а т ы м ӈ э в _ т а г _ м ы н г ы т ч ь э т ы _ ы и к _
люутэ вулӄытвикэ ӈэръамытлыӈчьэты галякэ очочаӈа заатеxника инъэйӈэквъи энавэтгавъёлгыткоэ’ иквъиӈа	ю у т э _ у ӄ ы т в _ и к э ӈ э р ъ а м ы ӈ _ ч ь э т ы к э о ч о ч _ а ӈ а з _ а а т е н _ и к а и н ъ э й ӈ э к в ъ и э н а в э т г а в _ ъ ё _ г ы т к о э ’ и к в ъ
еп гынмыл инъэ ковлёрвоор гатымӈэвленъыма	е п г ы н м _ и н ъ э _ к о в ё р _ в о _ о р г а т ы м ӈ э в ъ ы м а _
льу нэналвавморэ	ь н э н а в а _ в м о р э _
э’ми таӈтымӈэквъэ	э ’ м и т а ӈ _ ӈ э _ к в ъ э
энмэч волӄытвэӈӈо вулӄытвигъим	э н м э ч в о _ э ӈ ӈ о _ в у ӄ ы т в и г ъ и _ м
ӄорагынрэтыльыт вэчьыма нъетынэтэ мынъумэкэнмыкъым вэнратынво	ӄ о р а г ы н _ ь ы т в э ч ь ы м а н ъ _ е т ы н э т э _ м ы н ъ у м э к э н м ы к _ ъ ы м в э н р а т ы н в о
э’йӈэвыткумури энарэрык	э ’ й ӈ э в _
пэтле тылыгавэръэпыгъакъыма	п э т е _ ы ы г _ э р ъ э п ы г ъ а к
ӄорыӈа э’ми епӈа ӄуттиӈа нъатчаӄаат о’равэтльат	ӄ о р ы ӈ а _ е п ӈ а _ ӄ у т _ т и ӈ а _ н ъ а т ч а ӄ а а т _ о ’ р а в э т ь _ а т
мури гэтумгинэтэ ӈуткэтэ мытвинвытэгнэнмык айвачваамлыӈата чама рочгэты	м у р и г э т у м _ э т э _ ӈ у т кэтэ м ы т в _ в ы т _ э г н э н м ы к а й в а ч в а а м ы ӈ _ а т а ч а м а р о ч г э т ы
ӄорыӈа вай ынкы рочгатама ваамлыӈата йынрытчигэ йынрыгэӈытко мытвинвытэгнэннэтэ	ӄ о р ы ӈ а _ ы н к ы р о ч _ _ а м а _ в а а м ы ӈ а т а _ й ы н р ы т ч и г _ э й ы н р ы г э ӈ ы т к о _ м ы т в и н в ы т _ э г н э н н э т э
ваам эвычагты элӄылинытык айвачыӈӄач уйӈэ ръэт лёӈръэтатыльын	в а а м э в ы ч а г т ы _ ы _ и н _ ы т ы к а й в а ч ы ӈ ӄ а ч у й ӈ э р ъ э т _ ё _ ӈ _ р ъ э т _ а т ы ь ы н
ӈоонрэ лм айгысӄыӈӄачьым лымынкыри галгиръэтатлялен	ӈ о о н р э м _ ӄ а ч ь _ ы м _ ы м ы н к ы р и _ и р ъ э т _ а т я е н
наӄам ээк нывитъытэлпыӄин	н а ӄ а м э э к _ и т _ ъ ы т _ э п ы ӄ и н
пэлӄынтэнмык визьдикотетыӈ	п э ӄ ы н т _ в и з ь _ д и к о т е т ы ӈ
энмыгэӈкы нытваӄаат	э н м ы г э ӈ к ы ӄ а а т _
гырголягты наакатваӄаат	г ы р г о _ г т ы н а т в а _ ӄ а а т
ныӈыръатваӄаат танӈыта	н ы ӈ ы р ъ _ ӄ а а т т а н ӈ ы т а
миӈкыри мынинмыкъыма	м и ӈ к ы р и м ы н и н м ы к ъ ы м а _
тивын очоча	т и в ы н о ч _
этъопэл ӈоонрэ айгыпы мынлельэнмык	э т ъ о п э _ а й г ы п ы м ы н _ е _ ь _ э н м ы к
миӈкы винвыт эвын мытрайъоӈына мытрантымӈэвӈӈоӈын мынкынпыткольатыӈӈомыкъым	м и ӈ к ы в и н в ы т _ м ы т р а й ъ о ӈ ы н _ а _ м ы т р _ а н т ы м ӈ э в _ ӈ ы н м ы н к ы н п _ ы т к о ь а т ы ӈ ӈ о м ы к ъ ы м
лгиэ’ӄээ’вкы вальын танӈочочьым тиквъэна	г и э ’ _ э ’ в к ы в а ь ы н т а н _ ӈ о ч о ч ь _ ы м т и к в ъ э н а _
опопыӈа торгынан чинит ӄэнарэрыркынэтык йыӄӄэй ралмалявӈытык гымнан рэӄын ивык	о п о п ы ӈ а _ ч и н и т ӄ э н а р э р _ _ й ы ӄ ӄ э й _ р а м а я _ в _ ӈ ы т ы к р э ӄ ы н и в ы к _
ӄээӄын авъеткынка вэтчатвагъэм	ӄ э э ӄ ы н а в ъ е т к ы н к а _ г ъ _ _
иквъиы’ма	и к в ъ и ы ’ _
ынӈин ӄыныгйивэтыркын миӈкыри нылеркын	ы н ӈ и н ӄ ы н _ э т ы р к ы н _ м и ӈ к ы р и н ы е р к ы н _
ӄээӄын эвычагты айгыпы ӈэнри ваамъеквэ ӄойвыткыната тарӄойвыткыната мытлельэнмыкъым	ӄ э э ӄ ы н э в ы ч а г т ы _ ӈ э н р и _ в а а м ъ е к в э _ ӄ о й _ в ы т _ к ы н _ а т а т а р ӄ о й в ы т к ы н а т а _ е ь _ э н м ы к ъ ы м
чейвэ тъёпатын каӈкачгыргын	ч е й в э т _ ы н _ к а ӈ а ч _ г ы р г ы н
тэнкаӈкачгыргыкъыма туркэӈкэлетэ вээмӄэйчыку ачымъытъымыёлгычыкоеквэ мытляӈӈомыкъым тотръэт мытйъогъан	т э н к а ӈ _ а ч ъ ы м а т у р к э ӈ к э _ е т э в э э м ӄ э й ч ы к у а ч _ ы м ъ ы т ъ ы м _ ы ё г ы ч ы к о е к в э м ы т я ӈ ӈ о м ы к _ ъ ы м т о т р ъ э т м ы т _ й ъ о г ъ а н _
ынӄэн лыгэн ръэт мытыркылегъэнъым	ы н ӄ э н _ р ъ э т _ ы р _ к ы _ е ъ ы м
люут ӈэраӄычьэты ныкитэ мытынрынгиивын ковлёрвоор	ю у т ӈ э р а ӄ ы ч ь э т ы _ м ы т _ ы н р _ ы н г и и в ы н _ ё р в о _ о р
наӄам ковлёрвыткольын галгэмытӄыталпыӈӈоленъым	н а ӄ а м к о в _ в ы т к о _ ь ы н г а г э м ы т _ ӄ ы т а п е н ъ ы м
ръэнут	р ъ э н у т
вылгыкирзовыйчапокльынъыма эвтэ дžинчыӄонагыльын эвыр тэӈэвытӄэй тэгнъыӄэвъяӈӈогъан ыныки нъымытӄытэлпыгъан гаймаӈэн нъыӄитывъигъэн	в ы г _ и р о в ы й ч а п о к ъ ы м а э в т э д _ и н ч ы ӄ _ о н а г ы ь ы н э в ы р т э ӈ э в ы т _ _ т э г н ъ ы ӄ _ э в ъ я ӈ ӈ о г ъ а н ы н ы к и н ъ _ ы м ы т ӄ ы т _ э п ы г ъ а н г а й м а ӈ э н н ъ ы ӄ _ и т _ ы в ъ
ытръэч	ы т р ъ э ч
лыгъоравэтльана ӈавтыӈгъэ мачквичкакъым тэгнилгыӄин ӈэвысӄэт	ы г ъ _ а в э т ь ӈ а в т ы ӈ г ъ э м а ч к в _ и ч _ к а к ъ ы м т э г н и г ы ӄ и н _ ӈ э в ы с ӄ э т
ынӄорыӈа ӄолетъылёӈа нэмэ чукоткагты етгъиы’м	ы н ӄ о р ы ӈ а _ е т ъ _ ы ё ӈ а н э м э ч у к о т к а г т ы _ е т г ъ и _ ы ’ м _
игыт намӈылёгъан тумгэ	и г ы т н а м _ г ъ а н _ т у м г э
ы’мто гынин ӈэвъэн миӈкэмил вальын	ы ’ м т о ӈ э в ъ э н _ м и ӈ к _ э м _ _ в а ь ы н
ии ытлён ынръам черитӄыльуӈэ	и и ы т _ н _ ы н р ъ а м ч е р и т ӄ ы _ ь _ у ӈ э
ӄонпы нилгытэвӄинэ	ӄ о н п ы н _ э в ӄ и н _ э
турыгъевкы ынкъам вулӄытвик ӄонпы нилгытэвӄин	т у р ы г ъ е в к ы в _ у ӄ _ ы т в _ и к ӄ о н п ы н и г ы т _ э в ӄ и н _
ӄэлёӄы’м эмнуӈкы гым гъурэтигымэ	ӄ э ё _ ’ м г ы м г ъ у р _ э т и г ы м _ э _
ытлыгыт ытльат ынӄэнэ нутэвги омрыквытгавыт	ы т ы г ы т _ ь а т _ ы н ӄ э н э _ э в г и _ о м р ы к в ы т _ г а в ы т
нылгиныӈинӄинэ гаккантолен ынпычьын гымнин ынинэльын ынӄэнэ котыгыргинэ иvан	н ы г и н _ и н ӄ и н э к а н т о _ е н ы н п ы ч ь ы н г ы м н и н ы н и н _ э _ ь ы н _ ы н ӄ э н э к о т _ ы г ы р г и н э _ и а н
ынык ч ыныкъым гъэмэтыленъымэ ынпыӈэв гымнинэ нутэӈэвыт	ы н ы к ч _ ъ ы м _ г _ ъ э м э т ы _ е н ъ ы м э ы н п ы ӈ э в г ы м н и н э _ н у т э ӈ э в ы т _
ынӄэнэ челг гачелгыръоленат гатъылыӈӈоленат	ы н ӄ э н э _ г а ч е г ы р ъ о _ е н _ а т г а т ъ ы _ ы ӈ ӈ о е н а т
ынӄэн уйӈэ гэнъэллин гагалята алымы ӈавкэтльан	ы н ӄ э н у й ӈ э г э н _ _ и н _ а я т а _ а ы м ы _ ӈ а в к э т ь а н _
гымыкэ гымыкъымэ яачыкэнатэ	г ы м ы к э _ ъ ы м э _ я а ч ы к э н а т _ э
вытгытчьэн нэмыӄэйэ ӈээккэӄэй нэмыӄэйэ гагалялен	в ы т г ы т ч ь э н _ э ӈ э э к к э ӄ э й _ н э м ы ӄ э й э _ г а г _ а я е н _
ынӄоры о’мрыӈа нагтоа’н	ы н ӄ о р ы о ’ м р ы ӈ а _
гымнинэ игыткин чакэттомгыт ымыльо кымъытвальынтэъым	г ы м н и н э _ ч а к э т _ ы м ы _ ь о _ ы т в а ь _ ы н т э ъ ы м
галвавыӈӈолен ӄынвэт чейвыткук ынӄэнэ	г а в а ы ӈ ӈ о _ е н ӄ ы н в э т ч е й в ы т к у к ы н ӄ э н _ э _
ымы э’чек выква вык ныквынтоӄэн ынӄэнэ	ы м ы э ’ _ в ы к в а _ в ы к н ы к в _ ы н т о ӄ э н _ ы н ӄ э н _ э
э’чек выквыӄагтэ тэгнувъэлеӄин ытльата энанымӈыляквъэ ынӄэн	э ’ ч е к _ ы ӄ а г т э т э г н _ э е _ ӄ и н ы т ь а т а _ э н а н ы м ӈ ы я _ к в ъ э ы н ӄ э н
ӄытлыги выквылгыӄай тэгнувъэлеӄин тэгныкээӄин ынӄэнэ	ӄ ы т ы г и _ ы ӄ а й т э г н _ у в ъ э е _ ӄ и н т э г н ы к э э ӄ и н _ ы н ӄ э н э
нивӄинъым ӄэлюӄ мури нылгиныӈинмури ныӈинмуриы’м ынӄэнэ ы’ттъыгрээн тынинтыгъэн выквылгыӄай	н и в ӄ и н ъ ы м _ ӄ м у р и _ н ы г и н _ ы ӈ _ и н м у р и м у р и ы _ ’ м э ы ’ т т ъ _ ы г р э э н т ы н _ и н т ы г ъ э н _ в ы к в ы г ы ӄ а й
уйӈэ эчимгъукыльымури ӄэлюӄ нэмыӄэйъым читъым ынӄэнэ тынэёлӄыльымэ ӈутку рэтлетъёлӄыл и’нничгэ и’нничгу гэтэйкытэ ынӄэн выквылгыӄай	у й ӈ э э ч и м г ъ у _ ь _ ы м у р и ӄ э ю ӄ н э м ы ӄ э й _ ъ ы м ч и т _ ъ ы м ы н ӄ э н _ т ы н э _ ё ӄ ы _ ы м э р э т е т _ ъ ё _ ӄ ы и ’ н н и ч г э _ и ’ н н и ч г у _ г э т э й к ы т э _ ы н ӄ э н в ы к в ы г ы ӄ а й _
ынӄэнъым ынкъам гым итыкэ	ы н ӄ э н ъ ы м _ г ы м и т ы к _ э _
чакэттомгыӄай уйӈэ гагаляленъым	ч а к э т ы ӄ а й _ у й ӈ э г а г а я _ е н _ ъ ы м
гым ытльата гэнапытӄынлыватлен	г ы м ы т _ а т а _ г э н а п ы т ӄ ы н _ ы в а т е н
ынӄэнэ энмэч тъэргииӈит ӈэръамытлыӈгээӈэльэвымэ панэнаъым ынӄэн нылёойгым ытльак ынӄэн	ы н ӄ э н э _ т ъ э р _ и ӈ _ и т ӈ э р ъ а м ы ӈ _ г э э ӈ э ь э в ы м э п а н э н а ъ ы м ы н ӄ э н _ н ы ё о й г ы м _ ы т _ ь а к ы н ӄ э н _
ялгытык ялгыт ныялгынморэ нытарагӄэнатъым йъэлыги гым ынӄэнэ ытльак тароӈыльын айколятльын нинививым	я г ы т ы к _ г ы т н ы я _ г ы н м о р э _ н ы т а р а г _ ъ ы м й ъ э ы г и _ г ы м ы н ӄ э н э _ ы т _ ь а к т а р _ о ӈ ы ь ы н _ а й к о я _ т ь ы н н и н и в и в ы м _
мэмэй аны мыммэмэа’к	м э м э й _ м ы м м э м _ э _ а ’ к
ӈэвэӄы’м нинивӄин	ӈ э в э ӄ ы _
аны евъев евъев	а н ы е в ъ е в е в ъ е в _
гымъым ӄэлюӄ ынпыӈэвӄэйэ эпэӄэйъымэ ынӄэнэ ынпычьын чакыгэт гымыкытльэн энмэч ынанэ нэмыӄэй гэнмэйӈэвлинэтэ	г ы м ъ ы м _ ӄ ы н п ы ӈ э в ӄ э й _ э э п э ӄ э й _ ъ ы м э _ ы н ӄ э н э ы н п ы ч ь ы н _ ч а к ы г э т г ы м ы к _ ы т ь _ э н _ э н м э ч ы н а н э _ н э м ы ӄ э й _ г э н м э й ӈ э в _ и н _ э т э
ӈирэчеӈэ ӄынутъымэ ганрагтатлен ынӄэн ӄлявыля тъэче эмӈинӄэгл эмнэнэнэльэъым ынӄэн ӄлявылтэ	ӈ и р э ч е ӈ э _ ъ ы м э _ г а н р а г т е н _ ы н ӄ э н ӄ я в _ _ т ъ э ч е э м ӈ и н ӄ э г _ э м _ н э н э н э _ ъ ы м ы н ӄ э н ӄ я _ в ы т _ э
ӄунэчеӈэ ы’ттъыёлкэнъым итыкэ ӄайвыквын ытри ӄайвыквыӈа	ӄ у н э ч е ӈ э _ ы ё к э н _ ъ ы м э ӄ а й _ в ы к в ы н _ ы т р и ӄ а й в ы к _ в ы ӈ _ а
ӈинӄэгти ынан рымэйӈэвнинэт	ӈ и н ӄ э г т и ы н а н _ н и н э т _
ӄоры нэмэӈэ уйӈэ нъэлык тумгытумъым нэмэ ынӄэнэ	ӄ о р ы _ э ӈ э у й ӈ э _ н ъ э _ ы к _ ъ ы м н э м э _ ы н ӄ э н э _
нэмэ ганрагтатлен нэмэӈэ ӈиръэ ӈинӄэгти выквытыӈатъым льэтыӄай	н э м э г а н р а г т _ е н _ н э м э ӈ э ӈ и р ъ э _ ӈ и н ӄ э г т и в ы к в ы т _ ы ӈ а т _ ъ ы м _ ь э т ы ӄ а й _
янор омваамгыпы такчитэ лымэвыр афтобуча камаза трэлӄытгъэ элгыӄанъявэты	я н о р о м _ г ы п ы _ ч и т э ы м _ э в ы р а _ ф т о _ б у ч к а м а з а _ т р э ӄ ы т _ э г ы ӄ а н ъ я _ в э т ы
илгыӄэнъевык ынкы н киткит тратвагъа тъэр ы’лёӈэт тратвагъа ӄэлюӄы’м гэмо гымнан титэ трэпириӈынэт въэӈэты	и г ы ӄ э н _ ы к ы н к ы н _ т р а т в а г ъ а _ т ъ э р _ ы ’ _ ё _ ӈ э т _ т р а т в а г ъ а ӄ ы _ ’ м _ г ы м н а н т и т э _ _ э п и р _ _ в ъ э ӈ э т ы
ынӄоры въаӈгыпы въаӈгыпы ынкы трабилетынӈаа’ мачквагты	ы н ӄ о р ы в ъ _ _ а ӈ г ы п ы ы н к ы _ т р а б _ _ е т ы н ӈ а а ’ м а ч к в а г т ы _
мочквайпы трэриӈээ’ чанктпитирбургэты	м о ч _ й п ы т р э р э ’ _ ч а н к т _ п и т и р у р г э т ы
ынкы трэльуӈынэт гымнинэт чакэттомгыӄай лярича ынкъам гымнин ӈавытлывэӄай vиталина	ы н к ы т р э _ _ у ӈ ы н э т г ы м н и н э т ч а к э т _ ы ӄ а й _ я р и ч а _ ы н к ъ а м г ы м н и н ӈ а в ы т _ _ э ӄ а й _ и т а и н _ а
мэсӄээӄын ынкы мытратваа’ дианана транкалровӈынат лыгэн питиргоф тэӈимыръэнут мытрэгитэӈын	м э с ӄ э э ӄ ы н м ы т р а т в а а ’ _ д _ и _ а н _ т р а н к а р _ о в ӈ ы н а т ы г э н п _ и р _ ф т э ӈ и м ы р ъ э н у т м ы т р э г и т _ э ӈ ы н _
лыгэнъым ынӄэн майӈынымэӈын чанктпитирбурк транкалровӈын	ы г э н ъ ы м _ м а й ӈ ы н ы м _ э ӈ ы н _ ч а н к т _ п и т и р у р к т р а н к а р _ о в ӈ ы н
ынкы ткэлиткугъэк тъэргииӈит	ы н к ы т _ и т к у _ г ъ э к т ъ э р г и и ӈ _ и т
ынӄоры vиталинанэн отпучк ратвагъа мури кынмал мытрэлӄытгъэ аӈӄагты мытрайъоӈын	ы н ӄ о р ы и т _ и н _ а н э н о т п у ч _ к р а т в а г ъ а м у р и к ы н _ м а _ м ы т р э ӄ _ ы т г ъ э _ а ӈ ӄ а г т ы м ы т р а й ъ о ӈ ы н
ляричанэн ы’лгытумгыӄэй žэня мытрай мытрайъоӈын ынкы мытранымытвагъа тъэр нидэлят	я р и ч _ ы ’ г ы т у м _ г ы ӄ э й э н м ы т р _ а й м ы т р а й ъ о ӈ ы н _ ы н к ы м ы т р а н ы м ы т в а _ г ъ а _ т ъ э р _ н и д _ э _ я т
ынӄоры нэмэ питирэты мытрэлӄытгъэ	ы н ӄ о р ы нэмэ п _ _ и р _ м ы т р э ӄ ы т г ъ э _
мэсӄээӄын ынкы мытратвагъа	м э с ӄ э э ӄ ы н м ы т р а т в а г ъ а _
нэмэ мачквагты мачквайпы въаӈэты въаӈгыпы элгыӄанъявэты ынкъам ӈутрилы нэмэ мытрарагтыа’	н э м э м а ч к _ г т ы _ м а ч к в а й п ы _ в ъ а ӈ э т ы в ъ _ а ӈ г ы п ы _ ы ӄ а н ъ я _ в э т ы ы н к ъ а м ӈ у т р и ы _ _ м ы т р а р а г т ы _ а’ _
ӄэлюӄы’м диананэн энмэч калеткогыргын рэпкиргъэ	ӄ э ю ӄ ы _ и а н _ э н м э ч к а е т _ к о г ы р г ы н _ р э п к и р г ъ э
опопы мачынан мачынан нымачпэляткоа’н кэлиткук	о п о п ы м а ч ы н а н м а ч ы н а н _ _ п э _ я т _ к о а ’ н к э и т к у к
ытлён нылгинытэӈкэлиткуӄин аммытлыӈ аммытлыӈбалтэ ӄонпы нинэпириӄинэт	ы т ё _ н ы г и н ы т _ э ӈ к э и т к у ӄ и н а м м ы т ы ӈ _ а м м ы т ы ӈ _ б а т э ӄ о н п ы н и н э п и р и ӄ и н э т
ынӄэ мачынан нымэч нымачпэлятъан	ы н ӄ э _ н ы м э ч н ы м а ч _ п э _ я _ т ъ а н
пэтле рэркылегнинэт кэлиткутумгыт	п э т е _ к ы е _ г н и н э т к э и т к у т у м г ы т _
ытръэч	ы т р ъ э ч
айвэ гым пытӄайвэ тыетгъэк элгыӄанъяквыпы	а й в э г ы м _ ӄ а й _ в э _ т ы е т г ъ э к э г ы ӄ _ а н ъ я _ к в ы п ы
ынкы	ы н к ы
нывилыткуйгыт	н ы в и _ й г ы т
ынкы ы’твиӈын гэетлин	ы н к ы ы ’ т в _ г э е т _
вэлыткорак имыръэнутэ ныйылӄин	в э ы т к _ а к и м ы р ъ э н у т н ы й _ ы ӄ и н
э’льэлетэ	э ’ ь э _
ынкъам мытъенмык элгыӄанъяквыпы пэтле	ынкъам м ы т ъ е н м ы к _ ы ӄ _ а н ъ я _ к в ы п ы п э т е
ӄлявыл мургин гатапаспортӈылен	ӄ я _ м у р г и н г а т а п а _ с п _ о р т е н
ынкъам айвэ ымъылёӈэт тытъымӄупӄэтгъэк	ынкъам а й в э _ ъ _ ы ё _ ӈ э т т ы т ъ ы м ӄ у п ӄ _ э т г ъ э к
ымъысоӈэт ымъылёӈэт тыйылӄэтгъэк	ы м ъ _ о ӈ э т ы м ъ ы ё _ ӈ э т т ы й ы ӄ э т г ъ э к _
люутэ пъомпъоӈыт тыльунэт лгинымкыӄин	ю у т э _ ъ о м п _ ъ о ӈ ы т т ы ь _ г и н ы м к ы ӄ и н _
ынкъам тыгэсеӈӈонат	ынкъам т ы г _ с _ е ӈ о н а т
ынӄэн тынтыяатгъан а’нэлёвыргын ынӄо	ы н ӄ э н т ы н т ы я _ _ а ’ н э ё _ в ы р г ы н ы н ӄ о
тръилегъэ пъомпъоӈэты	т р ъ и е _ п ъ о м п _ ъ о ӈ э т ы
тыгынтэгъэ пъомпъоӈэты	т ы г ы н _ г ъ э п ъ о м п _ ъ о ӈ э т ы
ынӄо мрэнэ гым нагтатэвым	ы н ӄ о м р _ г ы м _ н а г т а т э в _ ы м _
гым трагтыгъак	г ы м т р _ г ъ а к _
ярагты нагтатгыт	я р а г т ы н а г т _
ии ынкъам пъомпъоӈытэ тынмигчирэвнэт	и и ы н к ъ а м п _ ъ о м _ _ ъ о ӈ ы т э т ы н м и г ч и р э в _ н э т
тынититынэт игыт	т ы н и т и т _ и г ы т
тынчикунэт	т ы н ч и к _
тынчикунэт	т ы н ч и к _
тынчикунэт	т ы н ч и к _
и тынититынэт ынкъам игыт вай ӈан ӈоонӄэн	и т ы н _ ы н э т _ ы н к ъ а м и г ы т _ ӈ а н _ ӈ о о н ӄ э н _
гым чит омваамвырочгэты тъанэлёсӄэвык яраг рымагтэты	г ы м ч и т _ в а а м _ в _ о ч т ъ э ё _ я р а г р ы м а г т э т ы _
ынӄо люут ынкы тыльунэт пъомпъоӈыт нымкыӄин	ы н ӄ о ю _ ы н к ы _ ы _ ь _ п ъ о м п _ ъ о ӈ ы т н ы м к ы ӄ и н
ынкъам тыгэчеӈӈонат	ынкъам т ы г _ ӈ _ ӈ о н а т
пууръу тытаӈынтыяатын а’нэлёгыргын	п у у р ъ у т ы т _ т ы я а т ы н _ а ’ н э ё _ г ы р г ы н
ынкъам пъомпъоӈыт тыгисинэт	ынкъам п ъ о м _ _ ъ о ӈ ы т т ы г и с _ и н э т
наӄам ныгтымранатӄэн	н а ӄ а м н ы г _ р а н _
мрэнэ нэнугым	м р э н э _ у г ы м _
и ынкы трагтыгъак	и ы н к ы _ а г т ы _ гъак _
ытръэч	ы т р ъ э ч
гым ынкъам палина гапъомпъоӈӈытаморэ	г ы м ы н к ъ а м п а _ _ а _ г а п ъ о м п _ ъ о ӈ ӈ ы т
наӄам нилетӄин чама	н а ӄ а м н _ е т ӄ и н _ ч а м а
вэнлыги мытэквэнмыкъым	в э н ы г и _ энмык ъ ы м _
чама ныкитэ ныкытийгатӄэн ныч нымассьачаӈкытийгатӄэн ынкъам тэӈуйӈэ эмрэнкэ	ч а м а н ы к и т э _ и й _ г а т ӄ э н _ н ы ч а с с _ ь _ а ч а ӈ к ы т г а т ӄ э н ы н к ъ а м э м р э н _ к э _
ынкы мытгисинэтэ пъомпъоӈытъым ынкъам лемӄут	ы н к ы м ы т _ с _ и н э т э п п _ ъ о ӈ ы т ъ ы м ы н к ъ а м е м ӄ у т _
лемӄут	е м ӄ у т
ынӄо ынӄо мури мытрагтымык	ы н ӄ о ы н ӄ о _ м ы т р _ а г т _ _
нымӈылтэлӄэн ваӈӄарэмакэн куувэӈэ аӈӄальын	н ы м ӈ ы т в а ӈ ӄ _ а р э м _ а к э н у в э ӈ э _ а ӈ ӄ а ь ы н _
нивӄинэ ӄол мытинмык нутэк гэткивмури магляльыморэ лгэсьасаӈвыясеэгатӄэн	н и в ӄ и н э _ м ы т и н м ы к н у т э к _ г э т к и в _ м у р и _ м _ а г я _ ь ы м о р э г э с ь _ а с а ӈ в ы я е э г а т ӄ э н
ымыльо ӄол эргыръокы тылӄутгъэкъымэ рэмкын эвын норгымэглетӄэн	ы м ы ь о _ э р г ы р ъ о к ы _ т ы ӄ _ у т г ъ э к _ ъ ы м э р э м к ы н э в ы н н о р _ _ э г _ е т
чинитъыттъыгаканъёк рэмкыт ӄача энмэ нымигчирэтӄинэт	ч и н и т ъ ы т т ъ _ а к а н ъ ё к р э м к ы т ӄ а ч а э н м _ э _ н ы м и г ч и р э т ӄ и н э т _
нивигым мычейвыткугъэк китаӄуна момавгъак	н и в и г ы м м ы ч е й в ы т к у г ъ э к _ а _ м _ о м а в г ъ а к _
тыльугъэн ӄол каӈэтвальын орвыкъым	т ы ь _ ӄ о к а ӈ э т в а _ ь ы н _ о р в ы к ъ ы м
ниви тыӈойӈыкыплыгъан	н и в и _ о й ӈ ы к ы п _ ы г ъ а н
нивигым этаны гымнин ынӄэнэ пэнин ӄуӈычгытэйкэвытумгын	н и в и г ы м э т а н ы г ы м н и н _ _ э _ п э н и н _ ӄ у ӈ _ ы ч г ы т _ э й к э в ы т у м г ы н
читъым нэрмэйгым гым нэрмэчитивым ваӈӄарэмак тэйкэвык	ч и т ъ ы м н э р _ гым _ г ы м м э ч _ и т и в _ ы м в а ӈ ӄ а р э м _ ак т э й к э в ы к
тыгитэгъэн ӄытлыги ӄырым ӄытлыги эмнуӈыльын пэгытту	т ы г и т э г ъ э н ӄ ы т _ ӄ ы р ы м _ ӄ ы т ы г и _ э м н у ӈ _ ы ь ы н _ п э г ы т т _ у
чит тыгынтэвыркынъым инэпирии’	ч и т т ы г _ э в ы р к ы н _ и н э п и р
мыттэйкэвмыкъым	м ы т т э й к э в _ ъ ы м
лымынкыри энанватъевгъэ ымы инэтрилгъи	ы м ы н к ы р и _ в а т ъ е в _ г ъ э ы м ы и н э т _ г ъ и _
тагрытыляма муриӈэ	т а г р _ ы я м а м у р и ӈ э
ынӄэнэ гым ипэ кымъыӈэнэ нэнатарычваӈӄэн ӄэлюӄ ӈээккэӄэйивым еп	ы н ӄ э н э _ и п э к ы м ъ ы ӈ э н э _ н э н а т _ а р _ ы ч _ в а ӈ ӄ э н ӄ э ю ӄ ӈ э э к к э ӄ э й _ и в ы м _ е п
нэнатарычваӈӄээтъымэ	н э н а т а р _ в а ӈ ӄ э э т ъ ы м э
нинэйылӄин гым каарачыко вальэвым ва ынӄэн нэналпынрыӄэн кэгынмычыку	н и н э й ы ӄ и н _ к а а р а ч ы к о _ в а _ э в _ ы м в а ы н ӄ э н н э н а п _ ы н р _ ы ӄ э н _ к э г ы н м ы ч ы к у _
ытръэч ынӄэнэ ӄол тынтынэт тыгитэнэт ынин кэгынмытъым	ы т р ъ э ч ы н ӄ э н э _ _ т ы н т ы н э т т ы г _ и т _ э н э т _ ы н и н к э г ы н м ы т _ ъ ы м _
элёльыӈӈоа’тэ аръаля гагты	э ё _ ы ӈ ӈ о а ’ т э а р ъ а я г а г т ы _
ынӄэн эӄылпэӈэ тыпиринэт ынӈин	ы н ӄ э н э ӄ _ э ӈ э _ т ы п и р и н э т ы н ӈ и н _
тынинтысӄивнэт ӈоонрэ каарачыкойпы	т ы н и н _ н э т ӈ о о н р э к а а р ачыкойпы _
ӈоонӄо ы’лык иргъэт	ӈ о о н ӄ о ы ’ _ и р г ъ э т _
ынӄорыӈэ гамӈылтэтлен апаӄайына	ы н ӄ о р г а м _ ӈ ы т э т _ а п а ӄ а й ы н а _
ытчаяӄэйъым гымнинэ эпэӄэйыну нинъэйӈэвивым	ы т ч а я ӄ э й _ г ы м н и н э э п э ӄ э й _ ы н у _ и в ы м _
ытльэ гымыкытльэн ынӄэнэ ынпыччакит ынпычьын чакыгэт	ы т ь э _ ы т ь э н _ ы н ӄ э н э ы н п _ ы ч ч а к _ ы н п ы ч ь ы н ч а к ы г э т
гымнан эпэӄэйыну нинъэйӈэвивым ынӄэн ынӈинэ	г ы м н а н э п э ӄ э й _ _ и в ы м _ ы н ӄ э н ы н ӈ и н э _
ыныкэккэлӄылин ӈэв ӈэвъэнйыръын ӈэ ӈэвъэнъым ынӄэн кымъыӈэ	ы н ы к э к _ ы и н ӈ э в ъ э н й ы р ъ ы н ӈ э _ ӈ э в ъ э н _ ъ ы м _ ы н ӄ э н _ к ы м ъ ы ӈ э
ынанъымэ ив гэрэӄылин ӈээккэӄэй арычвокыльин	ы н а н ъ ы м э _ г э р э ӄ _ ы _ и н а р ы ч _ в о _ к ы ь и н
ивнин	и в н и н
мачынан ынӄэн э’нӄэыркынъым ынӈэ ынӈэ рычвойвот энтивкэ	м а ч ы н а н ы н ӄ э н _ ӄ э _ ы р к ы н _ ъ ы м ы н ӈ э ы н ӈ э р _ ы ч в _ о й в _ о т э н т и в _
ытръэч	ы т р ъ э ч
ынӄэн ынӈин тпаак рычвок	ы н ӄ э н ы н ӈ и н т _ _ а а к _ р ы ч в о к _
лгинъыръыӄинэт чавчыват	г и н ъ ы р ъ _ ч а в ч ы в а т
энмэн ръоравэнвыеквэ нылеӄинэт	э н м э н р ъ о р _ э н _ в ы е к в э н ы е ӄ и н э т
мэвын ынӈин мэйӈыльын нъывинвэтгъэн	м э в ы н ы н ӈ и н м э й ӈ _ _ ь ы н _ н ъ ы в и н в э т г ъ э н _
гатваленат ӈэвъэнйыръын ынкъам ӄлявыл	г а т в а е н _ ӈ э в ъ э н й ы р ъ ы н ы н к ъ а м ӄ _ я _ _
ӈэвъэнйыръын ынкъам ӄлявыл гатваленат	ӈ э в ъ э н й ы р ъ ы н ы н к ъ а м _ я _ _ г а т в а е н а т _
ӈэлвыл ыргин уйӈэ гэнъэтлин	ӈ э в ы _ у й ӈ э г э н _ ъ э т _ и н _
ынан ӄлявыля ӈэвъэнйыръын ивнин	ы н а н ӄ я в _ _ ӈ э в ъ э н й ы р ъ ы н и в н и н
нэльунэт гэкэӈыльыт	н э _ у н э т г э к э ӈ ы ь _ ы т
ӄлявыля ивнин	ӄ я в _ и в н и н
ӄыӄымъяркыплыткы ӄыӄымъяркыплятгэ	ӄ ы ӄ ы м _ к ы п ы т к ы ӄ ы ӄ ы м ъ я р _ к ы п я т г э
ӈэвъэн ӈэвъэнэ чайкокат энаръэнан энаръэнэнат ӄымъяркыплятгъэ	ӈ э в ъ э н ӈ э в ъ э н э ч а й _ _ а т _ ъ э н а н _ э н а р ъ э н э н а т _ ӄ ы м ъ я р к ы п _ я т г ъ э
эӄылпэ рылгъат	э ӄ ы п э _ а т
эӄылпэ чайкок нэнититгъэн увиэ’т эӄылпэ эна эни энаръэнат ӄымъяркыплятгъат	э ӄ ы п э _ к о к н э н _ и т г ъ э н _ у в и э ’ т _ э ӄ _ э н и _ э н а р _ ъ э н а т _ ӄ ы м к ы п _ я т г ъ а т
етгъэт гэкэӈыльыт рылгъат	е т г ъ э т г э к _ ь _ ы т р ы г ъ а т
нивӄинэт	н и в ӄ и н э т
тэӈуйӈэ мури ныӈо’морэ	т э ӈ у й ӈ э м у р и _ ы ӈ о _ ’ м _
ныӈо’морэ	н ы ӈ о _
гарачайонленат рэмкыльыт	г а р а ч _ о н а т р э м к ы ь _ ы т
ӄлявыля ивнин ӈэвъэн	ӄ я в _ и в н и н ӈ э в ъ э н
ӄувиги	ӄ у в и г и
ӈытогъэ ӈэвъэнйыръын ынкы иквъи	ӈ ы т о г ъ э ӈ э в ъ э н й ы р ъ ы н _ и к в ъ и _
чайкокаӄагэгыт ӄититги	ч а й кок а ӄ _ э г ы т ӄ и т и т г и _
тъэче ӈирэче ивнин ӈыроча ивнин	т ъ э ч е ӈ и р э ч е _ ӈ ы р о ч а _ и в н и н _
чайкокаӄагэгыт ӄититги	ч а й кок а ӄ _ э г ы т ӄ и т и т г и _
люут рэннин кукэӈы лгинытгылӄин	ю у т р э н н и н _ г и н _ ы т _ г ы ӄ и н _
иквъэтэ	и к в ъ
миӈкыри тури ынӈин чайпаттык	м и ӈ к ы р и т у р и _ ч а й _ _ т ы к _
нивӄин	н и в ӄ и н
ынӄэн мургин кукэӄэй чинит нычайпатӄэн	ы н ӄ э н м у р г и н к у к _ _ ч и н и т _ н ы ч а й п _ а т ӄ э н _
рэмкэ налгээнъатэвгъан кукэӈы	р э м к э н _ э н _ ъ а т э в к у к э ӈ ы
ӄлявыл нивӄин	ӄ я _ н и в ӄ и н
нэмыӄэй мургин яаёлӄыл	н э м ы ӄ э й м у р г и н _ ӄ ы _
мургин яаёлӄыл	м у р г и н я а ё _
рэмкэ ивнин	р э м к э и в н и н
ым ымыльэты ӈэлвыл трэ мытрэйылгыт	ы м ы м ы _ ӈ э в _ ы т р _ э м ы т р _ э й ы г ы т _
нэйылгъэн кукэӈы эквэтгъэт рэмкыльыт	н э й ы г ъ э н _ э к в э т г ъ э т р э м _ к ы _ ь _ ы т
тумгэ ивнин ӈэвъэнйы ӈэвъэн	т у м г э и в н и н _ й ы _ _
эӄылпэ мынръэйвэнмык	э ӄ ы п э _ р ъ э й _ в э н м ы к
эӄылпэ гэли гэръэйвэтлинэт ялгытгъат тэӈэӄылпэ	э ӄ ы п э _ и г э р ъ _ э й в э т _ и н э т я г ы т г ъ а т _ т э ӈ э ӄ ы п э
янот ръэтъеквэ мытлемыкъым	я н о т р ъ э т ъ е к в э _ е _ м ы к _ ъ ы м
ынӄо гытгыпэлгыкагыргын мытъиргъэнъым	ы н ӄ о г ы т _ э г _ ы к а г ы р г ы н м ы т ъ и р г ъ э н _ ъ ы м
ынӄо мыт омкычыкойпы мытлемыкъым ынӄо мытйынрысӄанмыкъым	ы н ӄ о м ы т _ м ы т _ е _ м ы к _ ъ ы м ы н ӄ о м ы т й ы н р _ ы с ӄ _ а н м ы к ъ ы м
ӈагтагнэты мытлемык йынрысӄыткыната	ӈ а г т _ м ы т е м ы к _ й ы н р ы с ӄ ы т к ы н а т а _
ынӄо мытӈэйыттэнмык янот йиӈ ӈайгыточгыткок мытчайомык ӈайгытолыӈкы	ы н ӄ о м ы т _ ы т т _ э н м ы к я н о т й и ӈ _ ӈ а й г ы т _ о ч г ы т к о к _ ч а й о м ы к _ ӈ а й г ы т о ы ӈ к ы _
ынӄо нэмэ мытӈэйыттэнмык	ы н ӄ о н э м э м ы т _ _ ы т т _ э н м ы к
таӈлымынӄо ӈай ӈай ӈайгыпы мытле ӈайыткыната мытлейвымык	т а ӈ ы м ы н ӄ о _ ӈ а й ӈ а й г ы п ы _ м ы т _ е _ ӈ а й _ ы т к ы н а т а м ы т _ е й в ы м ы к _
ынӄо мытивыт мыткэӈкэленмык мытчайпанмыкы	ы н ӄ о м ы т _ м ы т к _ э ӈ к э е н _ м ы к м ы т _ ы к ы
мытчайомыкъым и нэмэ мытпъугыркимык	м ы т ч а й _ ъ ы м и н э м э м ы т _ п _ ъ у _ к и м ы к
ынӄэн мыт	ы н ӄ э н м ы т
и ралӄаӈынвы мытчайомык нэмэ	и р а ӄ _ ы н в ы _ м ы т о м ы к _ н э м э
ынӄо нэмэ мыт гытгыпэлгыкагыргыт мытъиргъэн	ы н ӄ о н э м э м ы т _ _ г ы п _ э г _ ы к а г ы р г ы т м ы т ъ и р г ъ э н _
и гыр мытръэтпэнрымык и ынкы ковлёрвыӄай	и г ы р _ р ъ э т _ п э н р _ ы м ы к и ы н к ы к о в _ ё р _ в ы ӄ а й _
и матачикля мытрагтымык	и м а т _ и к _ я м ы т р а г т ы м ы к _
нэрэнмык ӈаанӄоры рамайэты и мытрэсӄивмык	н э р э н м ы к _ ӄ о р ы р а м _ а й э т ы _ и м ы т р э с ӄ и в _ м ы к _
ынӄо мытилгытэвмык и мытчаёмгомык и мыткалеткомгомык	ы н ӄ о м ы т _ э в _ м ы к и м ы т ч а ё _ м _ г о м ы к м ы т к а _ е т _ к о м г о м ы к
ытръэч	ы т р ъ э ч
ынйивӈэвэ мынпъоӈӈытамык	ы н й и в ӈ э в э м ы н п _ ӈ ӈ ы т _
ии	и и
янотъым гым трачайогъа ынӄо мынпъоӈӈытама ӄэйвэ’м	я н о т ъ ы м _ т р а ч _ а й _ о г ъ а м ы н п ъ о _ ӈ ӈ ы т _ ӄ э й в э ’ м
янотъым гымэ ӈинӄэгти калеткорагты трэнэквэтэвӈынэтъымэ	я н о т ъ ы м _ э ӈ и н ӄ э г т и _ к а е т _ к о р _ а г т ы т р э н э в ӈ ы н э т _ ъ ы м э
тумгытумэ транӄамэтвавӈынъым	т у м г ы т у м э _ ӄ а м э т в а в ӈ ы н _ ъ ы м
ынӄо мынлеркын	ы н ӄ о м ы н _ р к ы н _
чакэттэты трачаёсӄэвъым	ч а к э т т э т ы т р _ а ё _ с ӄ э в ъ ы м
ынкъамэ трилгытэквъэъым травэръэпыгъа трачапокгыпгъа	ынкъам э _ г ы т э к в ъ э _ ъ ы м т р а в э р ъ э п ы _ г ъ а а ч а п _ о к г ы п г ъ а
ынӄо гыныкы травэтгавъёлгыткогъа’м ынкъам мынлеркын мынлеркын	ы н ӄ о г ы н ы к ы _ а в э т г а в _ ъ ё _ г ы т к о г ъ а ’ м м ы н е _ _ м ы н е р к ы н _
эгэй	э г э й
торкалеткопаальэвым	т о р к а _ к о п а а ь э в ы м
тыта тыталяплытконат ръэнутэт	т ы т а _ а я п _ ы т к о н а т р ъ э н у т э т
ы’ттъымыт таляплыткогъэ	ы ’ т т ъ ы м ы т _ а я п _ ы т к о г ъ э
та тыталяплытконат ы’ттъымыт	т а т ы т _ п _ ы т к о н а т ы ’ т т ъ ы м ы т
кэлеӈынэ ынӄэн ынпыӈэвӄэй гымнин кэлеӈынэ нэнамӈылёйгым	к э е _ ы н э ы н ӄ э н ы н п ы ӈ э в ӄ э й г ы м н и н _ к _ э е _ ӈ _ ы н э н э н а м й г ы м _
тыта таляплыткоэ’ тыталяплыткоа’	т ы т а _ а я п _ ы т к о э ’ т ы т п _ ы т к о а ’
нивӄин ӄы ӄыталяпатгэ	н и в ӄ и н ӄ ы _ ӄ ы т _ п а т _ г э
ынӄэнэ тынпыэ’н таляпат	ы н ӄ э н э _ п ы э ’ н _ т а я п а т _
нывинтивым чама ынӄэн лгипыгыпгэтыльэтӄин таляпат	н ы в и н т _ ы м ч а м а г _ и п _ _ ы п г э т ы ь э т ӄ и н т а я п а т _
о’тчой ныпыгыпгэтыльэтӄин нинивигым	о ’ т ч о й ыг _ ы п _ ь э т ӄ и н н и н и в и г ы м
вынэ эпэӄэй ынӄэнэ таляпат о’тчой лгипыгыпгэттылеэркын	в ы н э э п э ӄ э й _ э _ т _ а я _ о ’ т ч о й г и п _ ы г _ ы п г э т т ы е
ӄынгэргэквынъым	ӄ ы н г э р _ к в ы н ъ ы м
о’тчой нывакъотвайгым н нычимгъуйгым	о ’ т ч о й _ н _ н ы ч и м г ъ у й г ы м
кытвылӄун миӈкыри мынгэргэвын	к ы т в м и ӈ к ы р и _ м ы н г э р г _ э в ы н _
эмӄэлелвынэ нивигым этъым мыӄэплюгъэн	э м ӄ э _ ы н э н и в и г ы м э т ъ ы м м ы ӄ _ э п _ ю _ г ъ э н
н уттытъулӄэгти ни ни пэнъёлгычыко нэнаёйгым	н у т _ у ӄ _ э г т и н н _ и п э н _ ъ ё г ы ч ы к о _ н э н а ё йгым
ӄынвэт ынпыӈэвӄэй нэнамӈылёйгым	ӄ ы н в э т ы н п ы ӈ э в ӄ э й _ _ й г ы м _
эпэӄэй эты мыӄэплюгъэн	э п э ӄ э й м ы ӄ _ э п _ ю _ г ъ э н
ӄольым нытэнӈыткуӄин аны ванэ ӄы’лтыёгэ	ӄ о ь _ н ы т э н ӈ ы т к у ӄ и н в а н э _ _ ы ’ _ т ы ё _ г э
ынӈэ эӄэплюкэ	ы н ӈ э э ӄ _ ю _
тэлёпкаӄай тэлёпкаӄай аны ӄыгывъекви	т э ё _ к а ӄ а й т п _ к а ӄ а й а н ы ы в _ ъ е _ к в и
ивкэ гыто ӄуӈэлги тэлёпкаӄай	и в к э г ы т о _ у ӈ _ э г и _ т э ё п _ к а ӄ а й
ыммымэӄэй ыммымэӄэй аны тыэ’нӄэркын	ы м м ы м _ ы м м ы м _ а н ы т ы _ э ’ н _ ӄ э р к ы н
ивкэ гынан ӄуӈэлги	и в к э г ы н а н _ у ӈ _ э г и _
гымо мыйылӄэркын	г ы м о м ы й _ э р к ы н _
тэлёпкаӄай тэлёпкаӄай аны ӄаймыгэ ӄаймыгэ	т э ё _ к а ӄ а й т п _ к а ӄ а й а н ы ӄ а й м ы г э _
тэлёпкаӄай тэлёпкаӄай аны ӄыгывъекви	т э ё _ к а ӄ а й т п _ к а ӄ а й а н ы ы в _ ъ е _ к в и
ивкэ гыто ӄаймыгэ тэлёпкаӄай	и в к э г ы т о _ т _ э ё _ п _ к а ӄ а й
ыммымэӄэй ыммымэӄэй аны тыэ’нӄэркын	ы м м ы м _ ы м м ы м _ а н ы т ы _ э ’ н _ ӄ э р к ы н
ивкэ гынан ӄаймыгэ	и в к э г ы н а н _
гымо мыйылӄэркын	г ы м о м ы й _ э р к ы н _
ыммымэӄэй тэлёпкаӄай тэлёпкаӄай аны ӄыгывъекви	ы м м ы м _ т э ё п _ к а ӄ а й т п _ к а ӄ а й а н ы ы в _ ъ е _ к в и
ивкэ гынан ӄывинтэтги тэлёпкаӄай	и в к э г ы н а н _ и н _ т э т _ г и э ё п _ к а ӄ а й
тэлёпка ыммымэӄэй ыммымэӄэй аны тыэ’нӄэркын	т э ё _ к а ы м ы м _ ы м м ы м _ а н ы т ы _ э ’ н _ ӄ э р к ы н
ивкэ гынан ӄывинтэтги	и в к э г ы н а н _ и н _ т э т _ г и
гымо мыйылӄэркын	г ы м о м ы й _ э р к ы н _
тэлёпкаӄай тэлёпкаӄай аны ӄыгывъекви	т э ё _ к а ӄ а й т п _ к а ӄ а й а н ы ы в _ ъ е _ к в и
э’ми гымнин вонныӄай	э ’ м и г ы м н и н в _ _ н _ ы ӄ а й
ивкэ мыӄамэтвагъак	и в к э м ы ӄ а м э т в а г ъ а к
ыммымэӄэй ыммымэӄэйv э’ми гымнин майӈывонны	ы м м ы м _ ы м м ы м _ э ’ м и г ы м н и н м а й ӈ ы в _ _ н ы _
ивкэ гымо нэмыӄэй мыӄамэтвагъак	и в к э г ы м о _ м ы ӄ а м э т в а г ъ а к _
гыто гуӈэлигыт	г ы т о г у _ и г ы т _
этлы	э т ы
гаймэгыт	г а й м э г ы т
этлы	э т ы
гывинтэтигыт	г ы в и н _ и г ы т
этлы	э т ы
этлы ынӈэ	э т ы ы н ӈ э
ынӈин ӄывакъотваччын	ы н ӈ и н ӄ ы в а к _ _ ч ы н
аӄамэтвака	а ӄ а м э т в а к а
гатваленат тэӈылӄотъым э’ӄэлӄот	г а т в а е н _ т э ӈ ы ӄ о т _ ъ ы м э ’ ӄ э ӄ о т _
гамаравленат гамаравтайкавленат	г а м а р а в а т _ г а м а р а в т а й к а в _ е н а т
ӄэлёӄы’м тэӈылӄот гъэӄэлтэтлин	ӄ э ё _ ’ м ы ӄ о т _ г ъ э ӄ э т э т _ и н
э’ӄэлӄот гэтэӈылтэтлин	э ’ ӄ о т _ г э т э ӈ ы т э т _ и н
э’ми мэ миӈкыриы’м ынӄэн тыр тыркыльиӈын гэлӄытлин	э ’ м и м э _ ы _ ’ м _ т ы р т ы р _ к ы _ ь _ и ӈ ы н г э ӄ ы т и н _
ы’ттъыгыргынэ гэкэӈэ пыкиргъи’м	ы ’ т т ъ ы г ы р г ы н _ г э к э ӈ э п ы к и р г ъ и ’ м _
тынарагтына йъонэн ынӄэ ныпчеӈиӄинэт	т ы н а р а г т _ й ъ о н э н ы н ӄ э _ н ы п _ ч е ӈ и _ ӄ и н э т
ӈээккэӄэгти наӄам ытри ынӄэнэ ныкытгынтыръоӄэнат гыролмакы ырык	ӈ э э к к э ӄ э г т и н а ӄ а м _ ы н ӄ э н _ _ н ы к ы т г ы н т ы р ъ о ӄ э н а т _ г ы р о м _ а к ы _ ы р ы к
тынарагтына тыӈэтинэ ынӄэнэ ӄаавъятыльынэ ы’ттъыгыргын йъонэнъымэ агтаннэнат ынӄэн ӄаат о’раӈоонрэ	т ы н а р а г т _ т ы ӈ э т и н э _ ынӄэн э _ а в ъ я т ы _ ь ы н э ы ’ т т ъ ы г ы р г ы н й ъ о н э н _ ъ ы м э _ а г т а н н э н а т ы н ӄ э н _ ӄ а а т о ’ р а ӈ _ о о н _ р э _
тынарагтынаъым ы’ттъыгыргын нэнамӈылёӄэн миӈкыриы’м тыркыльиӈын еэ гэл гэ гэлӄытлин	т ы н а р а г т _ ъ ы м ы ’ т т ъ ы г ы р г ы н н э н а м _ ы ё ӄ э н _ м и ӈ к ы р и ы ’ м _ к ы ь _ и ӈ ы н е э г э _ г э г э ӄ _ _ и н _
тыркыльиӈын э’ми	т ы р к ы _ и ӈ ы н э ’ м и
ӈээккэӄэгти ынӄэн ынӄэн льунин тыӈэти	ӈ э э к к э ӄ э г т и ы н ӄ э н _ ь _ _ т ы ӈ _ э т и
льунин тыӈэти’м нивӄин ӈаанӄэнъым вай тыркыльиӈын	ь т ы ӈ _ э т и ’ м _ ӈ а а н ӄ э н ъ ы м _ в а й _ т ы р к ы _ _ и ӈ ы н
наташанаъым нинивӄин ӄырымэн ынӄэн тыркыльиӈын ынӄэн	н а т а ш _ ъ ы м н и н и в ӄ и н ӄ ы р ы м э н ы н ӄ э н _ т ы р _ _ ь _ и ӈ ы н ы н ӄ э н
чапаев ытри пэтька гамаравленат	ч а е в _ п э т ь _ к а _ г а м а р а в е н а т _
нвакъотваӄаат	н в а к ъ о т в а _
пэтькана нэран нэнаранвэтгавэтыӄэн чапаев	п э т ь _ а н а н э р а н н э н а р _ а н в э т г а в э т ы _ ӄ э н ч а е в _
чапаянни чапаевна нинивӄин	ч а я н _ н и ч а п а е в _ н и н и в ӄ и н
тилмытирил тилмэ э’льэл ванэ нын нынвэтгаваннэн	т и м и р _ и т и м э ’ _ ь э _ н ы н в э т г а _ в а н н э н _
пэтька гым виин мриӈээ’к	п э т ь _ г ы м в и и н м р _ _ э ’ _ к
мури омваамвыльыморэ ӄорагынрэтыльыморэ	м у р и о м _ в ы _ ы м о р э ӄ о р а г ы н р э т ы _ ь ы м о р э
ытлыгын гымнинэ ӄорагынрэтыльу гитлин	ы т ы г ы н _ э ӄ о р _ а г ы н р э т ы _ ь у г и т и н
ынӄо бригадиро гатвален	ы н ӄ о б р и г а д и р _ г а т в а _ е н
гым нэмыӄэй эмнуӈкы гатвайгым	г ы м н э м ы ӄ э й э м н у ӈ к ы _ _
ынкы тымигчирэтгъэк	ы н к ы т ы м _ э т г ъ э к _
ынӄо тыпэнчиаа’к	ы н ӄ о т ы п _ ч и _ а а ’ к
ынӄо вай рамайэты тытваӈӈогъак	ы н ӄ о в а й р а м _ а й _ _ т ы т в а ӈ ӈ о г ъ а к
ынӄэн нэмэӈ ӄол итгъи г онмальырыкы грэм онмальыргыеквэ таъэ’м	ы н ӄ э н н э м _ ӄ о _ и т г ъ и г _ о н _ м а _ ь _ ы р ы к ы г р э м о н _ м а ь _ ы р г ы е к в э т а ъ э ’ м _
эмныӈинӄинэтъым ытри летынтаграв	э м н и н _ ӄ и н э т ы т р и е т ы н т _ а г р _ а в
пэнинъым ильуткульын нэнильуткуӈэтъэн ми нэнамӈылёӄаат	п э н и н ъ ы м _ ь у т к у _ ь ы н н э н и ь _ у т к у ъ э н м и н э н а м _ ӄ а а т _
ынӄэнъымэ	ы н ӄ э н ъ ы м _
ивнинэт янотъым вай опэт мыӄэтвэтгъэкъым оп валы янот мынъылигъэн	и в н и н э т я н о т _ в а й _ о п э т _ м ы ӄ _ э т в э т _ г ъ э к ъ ы м о п в а ы _ я н о т _ м ы н ъ ы _ и г ъ э н _
ӄорыӈэ	ӄ о р ы ӈ э
ынӈин нильуткульэтӄинъым ивнинэт ръэнутъым мыльуэ’н мыныгйивэвын	ы н ӈ и н н _ ь _ у т к у э т ӄ и н ъ ы м и в н и н э т р ъ э н у т ъ ы м _ м ы _ ь у _ э ’ н м ы н ы г й и в э в ы н _
плевыт ӈан э’ми валы ӈутку ӄол гатымӈэвлен лгититэепкы нэналвавморэ льукъым	п е в _ ӈ а н э ’ м и в а _ ы _ ӈ у т к у _ ӄ о г а т ы м ӈ э в _ _ г и т _ и т э е п _ н э н а в а в м о р э _ ь у к ъ ы м _
ынӄэӄ плевыт янот ӄыльугын	ы н ӄ э ӄ _ е в ы т _ я н о т ӄ ы _ ь _ г ы н
ынӈин о’тчой нильуткульэтӄинъым	ы н ӈ и н о ’ т ч о й _ и _ ь _ у т к у э т ӄ и н ъ ы м
эвынэ ӄынвэт тъэраткоӈӈоа’т этынвыт ымы очыткока гэнъэллеэтъым	э в ы н э _ т ъ э р а т к о _ а ’ т _ э т ы н в ы т о ч _ ы т к о к а _ г э н _ ъ э е _ ъ ы м
люут мэӈӄо расӄэпыӈэ валят аратыткоӈӈоа’т аакгэӈэтыӈ	ю у т м э ӈ ӄ о _ э п _ ы ӈ э _ в а я т а р а т _ ы т к о ӈ ӈ о а ’ т _ а а к г э ӈ э т _ ы ӈ
онмальынаӈэ ээк рымэйӈэвнинъым	о н м а _ а ӈ э э э к р ы м э й ӈ э в н и н ъ ы м _
нэльунэт эвын валят ымыльо гэнумэкэвйивлеэт гэгичийивлеэт ымы ръысӄыёлгычыко вальыт гагтоленат	н э _ у н э т э в ы н в а я т _ ы м ы _ ь о _ э в й и в _ е г э г и ч и _ й и в е э т ы м ы р ъ ы с ӄ ы ё _ г ы ч ы к о _ в а ь ы т _ г а г т о е н а т _
а’ляйпыльын лыгэпэтывалы ынӄэ тымӈэвлен	а ’ я _ ь ы н ы г э п _ э т ы в а ы ы н ӄ э т ы м ӈ э в _ е н
ивнинэт эты вай ӈотӄэн	и в н и н э т э т ы _ ӈ о т ӄ э н _
ынӄэн рыпэт валяпэгляръок гэлӄутысӄычетлинэтъым	ы н ӄ э н р ы п э т в а _ _ п _ я г э ӄ у т ы с ӄ _ ы ч е т и н э т
энмэн гатвален валвийӈын	э н м э н г а т в а _ в а _ в и й ӈ ы н _
энмэпы ныралечетӄэн	э н м э п ы н ы р _ ч е т ӄ э н _
энмэпы ныралечетӄэн	э н м э п ы н ы р _ ч е т ӄ э н _
ынӄо ныр ныгаляӄэн рэӄокалгын	ы н ӄ о н ы р _ а я _ ӄ э н _ р э ӄ а г ы н _
льунин энмэпы ралечетыльын валвийӈын	ь э н м э п ы _ р а е _ ч е _ т ы ь ы н в и й ӈ ы н _
ельой гым нэмыӄэй мыралегъак	е ь _ г ы м н э м ы ӄ э й м ы р _ _ г ъ а к _
ӄольым нивӄин	ӄ о ь _ н и в ӄ и н
аӈӄак пыкэрыӈӈок чамъам рэриӈэгъэ рэпылӄэтгъэ	а ӈ ӄ а к п ы к э р ы ӈ ӈ о к _ р э р и ӈ э г ъ э _ р э п _ ы ӄ _ э т г ъ э _
а ӄол вэнлыги вэнлыги мыралечетгъак	а ӄ о _ ы г и _ в э н _ ы г и м ы р _ а е ч е т _ г ъ а к
ӄырымъым мыгтогыт рэпы рэпылӄатыӈӈогъа	ӄ ы р ы м ъ ы м _ р э п ы _ р э п _ ы ӄ а т _ ы ӈ ӈ о г ъ а
ралечетгъэ валв яа яачы рэ яачы рэӄокалгын ралеъэъым мимлык аӈӄак пыкирык ын ынӄэн нинивӄин	р а е _ г ъ э в а в я а _ я а ч ы р э _ я а ч ы _ р э ӄ _ о к _ а г ы н _ а е ъ э _ ъ ы м м и м ы к а ӈ ӄ а к _ п ы к и р ы к ы н _ _ н и н и в ӄ и н _
ӈэвэӄы’м ӈан тиквыт ынӈэ аралека мимлык пыкирык рэпылӄэтгъэ	ӈ э в э ӄ ы _ т и к в ы т ы н ӈ э _ _ а е _ к а _ м и м ы к п ы к и р ы к _ р э п _ э т г ъ э _
вэнлыгиы’м ӄол нивӄин вэнлыги нинивӄин	в э н ы г и _ ’ м н и в ӄ и н в э н _ ы г и _ н и н и в ӄ и н _
ельой ивкэ’м ӄэнагтогэ тэӈыннин тэгнилгыӄин ӈэлвыл трэйыл	е ь _ и в к э ’ м _ т э ӈ ы н _ н и н _ т э г ы ӄ и н _ ӈ э в ы т р э й _
ынӈин вальэвым	ы н ӈ и н в а ь _ _ ы м
вэнлыги нэмэ нинъэйӈэвйивӄин	в э н ы г и _ н и н ъ э й ӈ э в й и в _ ӄ и н _
ельой тэӈувъэлеӈэлвыл мыйылгыт	е ь _ т э ӈ у в ъ э е _ ӈ э в ы м ы й ы г ы т
ынӈин вальэвым	ы н ӈ и н в а ь _ _ ы м
тэӈкэлильыӈэлвыл мыйылгыт	т э ӈ к э _ ь ы ӈ э в м ы й ы г ы т
ынӈин вальэвым	ы н ӈ и н в а ь _ _ ы м
тэӈыплылыӈэлвыл мыйыл	т э ӈ ы п ы _ ы м ы й ы
ынӈин вальэвым	ы н ӈ и н в а ь _ _ ы м
ынӄо ивнин	ы н ӄ о и в н и н
тэӈи’нкэли и’ӈкэчиӈэвъэнйыръын трэйылгыт трэрэнӈын	т э ӈ и ’ _ к э и и ’ ӈ к э ч _ и ӈ э в ъ э н й ы р ъ ы н т р э й т р _ э р э н ӈ ы н
йытонэн	й ы т о н э н
иа’м гынмыеп ивкыльигыт	и а ’ м г ы н м ы е п и в к ы _ _ и г ы т _
йытонэн	й ы т о н э н
ынӈин тъэче кивык ӄонпы ныралечетысӄэвӄэн ӄонпы	ы н ӈ и н т ъ э ч е к и в ы к _ _ н ы р _ а е _ _ т ы с ӄ э в ӄ э н ӄ о н п ы
тъэче кивкинэк вытку рэннин и’ӈкэлиӈэвъэнйыръын	т ъ э ч е к и в к и н э к _ р э н н и н _ и ’ _ ӈ _ к э _ и ӈ э в й ы р ъ ы н
рырагтаннэнъым ивнин	р ы р а г т а н н э н ъ ы м _
аввэткынка нывакъотваӄэн	а в в э т _ н ы в а к ъ о т в а ӄ э н
ӈэвъэнйыръын таӈванэ ымы нилюльэтгъэн	ӈ э в ъ э н й ы р ъ ы н т а ӈ _ э _ ы м ы н и _ ю _ ь э т г ъ э н
имыръэнут нинэнэймэвӄин ӄутын ӄольым ӄырым ымыӈ э’нӄу лыӈыркын ынӈин нымкыче	и м ы р ъ э н у т н и н э н э й м э в ӄ и н _ ӄ о _ ь _ ы м _ ӄ ы р ы м ы м ы ӈ э ’ н ӄ у _ _ ы р к ы н _ ы н ӈ и н _ н ы м к ы ч е
гым матчьатгъа этъопэл	г ы м м а т _ а т г ъ а _ э т ъ о п э
тылгыръугъи	т ы г ы р ъ у г ъ и
ынык ӄача атчьатгъэ	ы н ы к ӄ а ч а а т ч ь а т г ъ э _
гэлгыръулин	г э г ы р ъ у _
ытръэч	ы т р ъ э ч
вапаӄат вапаӄат вапаӄат вапаӄат вапаӄат вапаӄат	в а п _ в а п а ӄ а т _ в а п а ӄ а т _ в а п а ӄ а т _ в а п а ӄ а т _ в а п а ӄ а т _
вапаӄат гымнин	в а п _ г ы м н и н
вапаӄат э’ми	в а п _ э ’ м и
вапаӄат уйӈэ	в а п _ у й ӈ э
уйӈэ	у й ӈ э
уйӈэ	у й ӈ э
уйӈэ	у й ӈ э
уйӈэ	у й ӈ э
ванныт рынныт ванныт рынныт ванныт рынныт ванныт рынныт ванныт рынныт ванныт рынныт ванныт рынныт ванныт рынныт	в а н н ы т _ в а н н ы т _ р ы н н ы т _ в а н н ы т _ р ы н н ы т _ в а н н ы т _ р ы н н ы т _ в а н н ы т _ р ы н н ы т _ в а н н ы т _ р ы н н ы т _ в а н н ы т _ р ы н н ы т _ в а н н ы т _ р ы н н ы т _
аны вай ӈавлыӄай мынрагтымык	а н ы в а й ӈ а в _ _ м ы н р а г т ы м ы к _
тыӈэлӄотна нэнатвыӄэн	т ы ӈ э ӄ _ н а н э н а т в ы ӄ э н
ӄоле итгъэт ӄынвэтэ ӈиръэ ӈэвысӄэтти элерэты натанат	ӄ о е _ ӄ ы н в _ э т э _ ӈ и р ъ э ӈ э в ы с ӄ э т т и э _ е р _ э т ы _ н а т а н а т
ӄол вэтгавӈавъым ӄол камэлгыӈав	ӄ о в э т г а в _ ъ ы м _ ӄ о к а м э г _ ы ӈ а в _
ынкы илирыкы нантыӈӈонатъым	ы н к ы и _ ы к ы _ т ы ӈ ӈ о н а т _ ъ ы м
ӄоры ӄолетъылёӈ иквъэтэ о’равэтльат эчвэра игыт мэтчимгъунӈээ’тэ	ӄ о р ы _ е т ъ _ ы ё ӈ и к в ъ о ’ р _ а в э т ь _ а т э ч в э р а и г ы т м э т _ ч и м г ъ _ у н _ ӈ э т э
этъым мыныгытынат мынривлынэт	э т ъ ы м м ы н _ ы н а т _ м ы н р и в ы н э т
ынпыначгын иквъиӈа амвынэ	ы н п ы н а ч г ы н и к в ъ _ а м _ в ы н э _
камэлгыӈав ӄри ӄривлыгыткы	к а м ы ӈ а в _ ӄ р и ӄ _ р и в ы г ы т к ы _
ынкъам вэтгавӈав виин ынкы опопы ӄээӄын нрэчимгъунӈэӈгъэн	ынкъам в э т г а в _ в и и н _ ы н к ы о п о п ы _ _ н _ р э ч _ _ ӈ э ӈ г ъ э н
гымнан торывтатык нинэгичийгымэ вытвыттэ рымавыттэ ръэнут	г ы м н а н т о р _ т _ а т ы к н и н э г и ч и й г ы м _ э р ы м а в _ ы т т э _
рымавыттэ’м нинэнръэлевивым ынкы гэвтыт лыгэвытвыттэ	р ы м а в ы т т э _ р ъ э _ е в и в ы м ы н к ы г э в _ _ ы г э в _ ы т в ы т т э
нэнапатэвым	н э н а п а т э в _
ынӄоры нинэлпиттивым	ы н ӄ о р ы н и н э п _ т _ и в ы м
ынӄоры виин уӄӄэмчыку ынӈин нинэнрэӄэвивым	ы н ӄ о р ы в и и н _ ы н ӈ и н _ н и н э н _ р э ӄ _ э в _ и в ы м
чеэкэй нымэчвилетӄинъым	ч е э к э й н ы м _ и _ е т ӄ и н ъ ы м
нэнаталяйгым нинэкилитивым	н э н а т а й г ы м _ н и н э к и и т _ и в ы м
ынӄоры нэмэ нинэнкувлюкэвивым	ы н ӄ о р ы нэмэ н и н э н _ _ ю _ к э в и в ы м
виин нинэнӄитэтивым ӄэтырачыко	в и и н н и н э н _ э т и в _ ы м ӄ э т ы р а ч ы к о
ынӄоры льэлеӈкы нэнагтойгым	ы н ӄ о р ы ь _ ӈ к ы _ н э н а г т о й г ы м
рыпонталгав нэнаталяморъэм нинэнумури рымытӄылгавкы	р ы п о н т _ а в н э н а т а я м о р _ ъ э м н и н э н у м у р и _ а в к ы _
тэӄэмэӈ ынӈин вальын	т э ӄ э м э ӈ в а _ ь ы н _
тан нивӄин эты танӈыӈавиӈын	т а н н и в ӄ и н _ т а н ӈ ы ӈ а в _ и ӈ ы н _
колё майӈылёльо	к о ё _ ы ё ь о _
нивӄин	н и в ӄ и н
люут ӈэвысӄэт чинит иквъи	ю у т ӈ э в ы с ӄ э т _ и к в ъ и _
о’тчой вытку вулӄытви	о ’ т ч о й в _ у ӄ _ ы т в _ и
мури ӈакалгын ынмынкав гым ынкъам ӄольым наташа канунникава	м у р и ӈ _ г ы н _ ы н м ы н к а в _ г ы м ы н к ъ а м ӄ о _ _ ы м _ н ш _ к а н у н н и к _ а в а
тэӈ тэӈкэлиткукы танӈынотагты нэнӈивмык	т э ӈ т э ӈ _ и т к у _ к ы т а н ӈ ы н о т а г т ы н э н ӈ и в м ы к
ынкъам акватыӈӈок нивӄинэт рэпкирӈытык танӈынотак ынӈэ ив ынӈэ ынӈэ аг агтывэ агтывэтгавыльаткэ	ынкъам а к в а т ы ӈ ӈ о к _ р э п к и р ӈ ы т ы к _ т а н ӈ ы н _ отак _ ы н ӈ э _ ы н ӈ э _ ы н ӈ э _ а г _ _ а г т ы _ в э _ а г т ы в э т г а в _ ы ь а т к э
ӄыгитэ нымэйыӈӄинэтэ умкыт	ӄ ы г и т э н ы м э й ы ӈ ӄ и н э т _ у м к ы т _
танӈынотак мытыпкирмыкъым	т а н ӈ ы н о т а к м ы т ы п к и р м ы к _
мытльунэт нымэйыӈӄинэт умкытэ	м ы т ь _ н ы м э й ы ӈ ӄ и н э т у м к ы т э _
ӈакалгын гымнан тиквъэн ӄыгитэ нытэӈӄинэт въэгти	ӈ а к а _ г ы м н а н т и к в ъ э н _ ӄ ы г и т э _ в ъ э г т и _
мурыгрээн кэлиныгйивэтыльын нивӄин иа’мэ майӈывэтгавыркынэтык ынӄэн нэгитэркынитык	м у р к э _ ы г й и в _ э т ы ь ы н н и в ӄ и н и а ’ м э _ м а й ӈ _ ы в э т г а в ы р к ы н э т ы к _ ы н ӄ э н н э г и т э р к ы н и т ы к _
гымнанъым тиквъэн ванэ ӄивтык ынӄэнэ въэ въэгти энмэн тыльунэт	г ы м н а н ъ ы м _ и к в ъ э н в а н э _ т ы к _ ы н ӄ э н _ э в ъ э _ в ъ э г т и э н м э н _ т _ ы _ ь _
нымӈылтэлӄэнат эмнуӈыльыт ынӄэн ынпыначгыт ынӄэнэ	н ы м ӈ ы т э м н у ӈ _ ы ь _ ы т ы н ӄ э н ы н п ы н а ч г ы т ы н ӄ э н _ э _
ӄорагынрэтыльына а’ачек а’ачек ынӄэн гаӄэтывъэӈӈоленэ	ӄ о р а г ы н _ ь ы н а а ’ а ч е к а ’ а ч е к ы н ӄ э н _ г а ӄ _ э т ы в ъ э ӈ ӈ о _ е н _ э
нутэк ӄорагынрэтыльын ынӄэн	н у т э к ӄ о р _ р э т ы _ ь ы н ы н ӄ э н
и’гэ нано наномаваквъан	и ’ г э н а н _ н а н о м _ а в а к в ъ а н _
ынӄэн и’гэ и’гэ ынӄэ наноно наномаваквъан	ы н ӄ э н и ’ г э _ ы н _ ӄ э _ н а н _ о н о н а н о м _ а в а к в ъ а н _
и’гчыкуӈ ынкы гомавлен	и ’ г ч ы к у _ ы н к ы г о м а в _ е н _
ынӄэн ынӈин егтэ ег нэнъегтэлев	ы н ӄ э н ы н ӈ и н е г _ _ е г _ н э н ъ е _ г _ т э е в
ынӄэн нэнъегтэлев	ы н ӄ э н н э н _ г _ т э е в
чапаевна пэтька ивнин	ч а е в _ п э т ь к а _ и в н и н
ытлён микынэ а’ляёран э’лерылгэ тивыркынин	ы т ё _ м и к ы н э а ’ я _ ё _ р а н э ’ е р ы г э _ т и в ы р к ы н и н
ӄыныгйивэквынэ микынэ ынӄэна ынӈин рытыркынин	ӄ ы н ы г й и в _ ы н э м и к ы н э ы н ӄ э н а _ _ р ы т ы р к ы н и н
пэтле пэтька рэсӄиквъим иквъиӈа	п э т е _ ь к а _ р э с ӄ и к в ъ и м и к в ъ _
вынэ ӈан фурмановына	в ы н э ӈ а н ф _ _ м _ а н о в ы н а
иа’м гынан ынӈин ивыркын	и а ’ м г ы н а н _ и в ы р к ы н _
таӈамынан а’ляёрайпы ӈыток кэгынмыт нинилгытэвӄинэт	т а ӈ а м ы н а н а ’ _ ё р _ а й п ы ӈ ы т о к к э г ы н м ы т _ н и н _ и г ы т э в ӄ и н э т _
мури мытъанэлёсӄэвмык ильъя гым ымы чаша	м у р и м ы т ъ а н _ _ с ӄ э в м ы к и ь ъ я _ г ы м ы м ы ч _ а ш _ _
мытынтымӈэвын ильъя ярак ӄача	м ы т ы н т ы м ӈ э в ы н и _ ъ я _ я р а к ӄ а ч а
вытку тыльуэ’нэ гэчеэмык ӄача тыльуэ’н	в ы т к у т _ ь _ э ’ н э э м ы к ӄ а ч а _ т ы _ ь _ э ’ н
тыгитээ’н уйӈэ ильъяъым ынкъа тэючгын ги ганалгыма	т ы г и т э _ у й ӈ э и ь _ ъ я _ ъ ы м ы н к ъ а т э ю ч г ы н _ г и г а н _ а г _ ы м а _
ӄытлыги мытнэрэтъэн ярак ӄача	ӄ ы т ы г и _ н э р э т _ я р а к ӄ а ч а
ынӄо чаша гэпэлӄынтэлин гагтылен ильъя	ы н ӄ о ч _ _ г э п э ӄ ы н т э _ и н г а г т ы е н и _ ь ъ я _
ынӄо мытылӄынмык ро рочгэтыы’м	ы н ӄ о м ы т _ м ы к _ р о р о ч г э т ы ы _ ’ м _
ынӄо ынӄо мытъирмыкэ	ы н ӄ о ы н ӄ о _ ъ и р _ м ы к _ э
ро ро роч рочгэты ынӄэн миӈкы нытваӄэн мургин	р о р о _ р о ч г э т ы _ ы н ӄ э н _ м и ӈ к ы _ н ы т в а ӄ э н _ _
мытымпэмыкэ мытчайпанмык	м ы т ы м _ э м ы к э м ы т ч а й п _
чаша ныкупрэгитэӄин	ч _ н ы к у п р _ э г и т э ӄ и н
мури нычайоморэ	м у р и н ы ч _ о м о р э _
ынӄо чайоплыткокэ чашана тэйкынин гымнинэ орвыӄай ынӄэнэ	ы н ӄ о ч а й _ ы т к о к _ э ч а ш _ т э й к ы н и н г ы м н и н э _ о р в _ ы ӄ а й ы н ӄ э н _ э
нъанэлёморэ ынкъа орвыръараӄӄагтэ	н ъ а н _ м о р э ы н к ъ а о р в _ ы р ъ а р а ӄ _ ӄ а г т э
ынкы ныйымэтваӄэнатэ гыръоӈ ӄнут гыръоӈавыръэнутэт	ы н к ы н ы й _ э т в а _ э г ы р ъ о ӈ ӄ _ н у т г ы р ъ о _ ӈ а в ы р ъ э н у т _
ынӄо ильъя гэннулин	ы н ӄ о и _ ъ я _ г э н н у и н _
чинит гэнвылин орвыӄай ынӄэнэ	ч и н и т г э н _ и н _ о р в ы ӄ а й ы н ӄ э н _ э
ынӄо гэннулин	ы н ӄ о г э н _ и н _
ынӄо нэмэ мытчаёмык	ы н ӄ о н э м э м ы т _ _ м ы к _
ынӄо вытку чаёплыткок ильъя ытри чаша гарагтыленат	ы н ӄ о в ы т к у ч а ё _ _ ы т к о к _ и ь ъ я _ ы т р и ч а ш _ _ г а р а г т ы е н _ а т
тэленъеп колё ръилечитльэтлеэт таӈымльаляӈэт таӈымыльо нымнымытъым	т э _ ё р ъ _ и е ч и т _ ь э т е э т т а ӈ ы м ь а я _ ӈ э т т а ӈ ы м ы ь о _ ы т ъ ы м
ынкъамэ ӄол нитӄинэт нымӈылтэлӄэнатэ таӈамалва вальын э’рагыргын нытваӄэнъымэ	ынкъам э _ н и т ӄ и н э т н ы м ӈ ы т _ э ӄ э н а т _ э _ т а ӈ а м а в а в а _ ь ы н э ’ р _ а г ы р г ы н н ы т в а ӄ э н _ ъ ы м э _
ӄол итгъэтэ тэленъеп нивӄээт гагтытантэйкыли гаканйыӈ	ӄ о и т _ э т э _ т э е н ъ е п _ ӄ э э т _ г а г т ы т а н т _ э й к ы и г а к а н й ы ӈ _
яноттыляк минринэтгъиӈэ гаканйыӈа	я н о т т ы я _ м и н р и н _ э т г ъ и ӈ э г а к а н й ы ӈ а _
ынӄэнэ гакоолгыле ынръама ръилельынъым	ы н ӄ э н э _ о г ы е _ ы н р ъ а м а р ъ _ и е ь ы н _ ъ ы м
амгаканйыӈа яноттыляка пыкиргъиӈэ	а м г а к _ й т ы я к а _ п ы к и р г ъ и ӈ э
таӈранъав орвоор нылеӄин	т а ӈ р а н _ о р в о о р ӄ и н _
тэӈлюӈымылельын тэӈэвыт ныви яноттыляк ӄача пыкиргъи нывилгъи	т э ӈ ю _ ы м ы е ь ы н т э ӈ э в ы т н ы в _ и я н о т _ т ы я к _ ӄ а ч а п ы к и р г ъ и н ы в _ и г ъ и _
этынвынъым пэ поӄытгагтыёлго ытръэч нылгыӄин чьэчеӈвыйичыку	э т ы н в ы н _ п э п о ӄ _ ы т г _ а г т ы г о ы т р ъ э ч н ы г ы ӄ и н _ ч ь э ч е ӈ _ в ы й _ и ч ы к у
ӄытлыги гакоолгылен	ӄ ы т ы г и _ о г ы _ е н
элгааткоӈӈок мургин рэмкын гъэраӄорлена	э г а _ ӈ ӈ о к м у р г и н г ъ _ _ а ӄ _ о р е н
гъэраӄорлен таӈымыльо гэетръулинэтэ ямганымгынымгыпы ям ян ян ямна гын нымнымгыпы	г ъ э р _ о р е н ы ь о _ и н _ э т э я г _ а н ы м г ы п ы я м я н _ я н я _ м _ н а _ г ы н н ы м н ы м г ы п ы
лгинымкыӄин о’равэтльан гэетлин	г и н ы м _ о ’ р ь а н _ г э е т
лгэгэчевкы гатваморэ	г э г э ч _ г а т в а м о р э
лгэн рэмкын нилюльэтӄинэ	г э н р э м к ы н _ и _ ю _ ь э т ӄ и н э
чама ныръилеӄинэт	ч а м а н ы р ъ _ ӄ и н э т _
ныгэкэӈыльэтӄинэт чама нырачвыӈӄэнат чама нытэйкэвӄинэт	н ы г э к _ ь э т ӄ и н э т ч а м а н ы р а ч в ы ӈ ӄ э н а т _ н ы т э й к э в ӄ и н э т _
чама таӈнырэлӄыпатӄэнат	ч а м а т а ӈ н ы р _ _ ы п а т ӄ э н а т
чама рэн йъа галгэтаранлен рэмкын	ч а м а р э н _ а _ г а г _ э т а р а н _ е н р э м к ы н
лгэнарагчельатӄэнат нылгитэӈычьэтӄин рэмкын	г э н а р ь _ а т ӄ э н а т н ы г и т э ӈ ы ч ь э т ӄ и н _ р э м к ы н
муриы’м нылгэлвавморэ милгынъюнэвкы	м у р и ы _ э в а в _ м о р э м и г ы н ъ ю _ н э в к ы
мургинэт уттыт гэлгийъэтитӄэтлинэт ӈэргэрык	м у р г и н э т у т т ы т _ и й _ ъ э т _ и т ӄ э т и н э т
плыткукэ рэмкынэ клюбэты гэлгилӄытръулин ынкы	п ы т к у к э _ э к _ ю б _ э т ы г э г и ӄ ы т _ р ъ у и н ы н к ы
рэмкын клюбык гаканчертлен	р э м к ы н к _ б _ ы к г а к а н ч е р т _ е н
гым эмнуӈкы тъурэтгъэк	г ы м э м н у ӈ к ы _ ур _ э т г ъ э к _
гымнинэт ытльат гымнин ытлыгын ынкъам ытля гымнинэт ытльат ынкъам ытлыгыт чачча ныялгытӄэнатъым	г ы м н и н э т ы т _ а т _ г ы м н и н ы т ы г ы н _ ы н к ъ а м _ ы т я _ _ ы т ь _ а т _ ы н к ъ а м ы т ы г ы т _ _ ч а н ы я _ г ы т ӄ э н а т _ ъ ы м
люут ёъоръогъэ	ю у т ё _ о р ъ о г ъ э _
ынӄо тылянвык нытваӄэн алвабригаден яратъым	ы н ӄ о т ы я н в ы к _ _ а в а б р и г а д _ е н _ я р а т ъ ы м
ынкы гым тъурэтгъэк алваярак	ы н к ы г ы м _ ур _ э т г ъ э к _ я р а к
гэмэлетлин айвэ’м эргатыкъым	г э м э _ и н а й в э ’ м _ ъ ы м
ытлыгэ тэйкынин яраӈы	ы т ы г э _ я р а ӈ ы
ынӄо мури ыммэмы мытрагтымык	ы н ӄ о м у р и _ ы _ м ы т р _ а г т ы м ы к _
ынӄо мытъялгынмык пятельэпы	ы н ӄ о м ы т ъ я _ м ы к _ п я т е _ ь э п ы
нилгытэвивым нычайойгым ныӄамэтвайгым нэмэ нывийгым волӄытвэӄамэтвак роолӄыл	н и г ы т _ и в ы м н ы ч о й г ы м _ н ы ӄ а м э т в а й г ы м н э м э _ н ы в и й г ы м _ в о _ ӄ ы т в э ӄ _ а м э т в а к р о ы _
ынръам гэрэӄылин мургин ынпыӈэвыӈ тэӈэвыт рыгыткукинэт тут тынуттылеркыт тынутчиргъи	ы н р ъ а м г э р э ӄ _ _ и н ы н п ы ӈ э в ы ӈ _ т э ӈ _ э в ы т р ы г _ ы т к у к и н э т _ т ы н у т т ы _ е р _ к ы т т ы н у т ч и р г ъ и _
ыннэн тэӈыннэ ӄилгытэквынэт кэгынмыт рычвантоплыткок	ы н н э н т э ӈ _ ӄ _ и г ы т э к в _ ы н э т к э г ы н р ы ч _ в а н т о _ ы т к о к
нинивӄин ӄылпыркын ӄылпигын	н и н и в ӄ и н ӄ ы п _ ӄ ы п _ и г ы н
э’тки вае тынанӄыпаатгъак эвниквичильэткэ опопы мэчынкы	э ’ т к и в а _ т ы н а н _ ӄ ы п а а т _ г ъ а к э в н и к в и ч и _ ь э т к э м э ч ы н к ы
кинольыт ыныкит ӈан риӈэ’твэ риӈэ’твэъымэ	к и н о ы т _ ы н ы к и т ӈ а н р и ӈ _ _ в э _ р и ӈ э ’ т в э _ ъ ы м э
ръэнут риӈэ’твыӄэгти ӈан нытваӄэнат аннушкано нылгыӄинэт	р ъ э н у т р и ӈ _ в _ ы ӄ э г т и ӈ а н н ы т в а ӄ э н а т а н _ н у _ ш _ к а н о н ы г ы ӄ и н э т
ынӄоръым льэльэнры ӄынвэт льэленръугъи’м	ы н ӄ о р ъ ы м _ ь _ э н р ы ӄ ы н в э т ь э _ е н _ р ъ у г ъ и ’ м
нутгыӄээтэ этъым пэлгома пэлгома чама нывинӄинэт	н у т г ы ӄ э _ э т ъ ы м п э г о м а _ п э г _ о м а ч а м а _ н ы в и н ӄ и н э т _
рэӄо каяку каюку нылгыӄинэ эчкимочльама	р э ӄ о _ а я к у _ к а ю к у _ ы ӄ и н э _ э ч к и м о ч ь _ а м а
муръим ӄолеёрочыко мытмэйӈэнмык гымнин ынинэльын рэнто нутэӈэвыт чакы кэйӈавыт гым якоӄай	м у р ъ и м е _ ё _ р о ч ы к о м ы т м э й ӈ э н м ы к _ ы н и н э _ ь ы н _ р э н т о н у т э ӈ э в ы т _ ч а к ы _ к э й ӈ _ а в ы т г ы м _ я к о ӄ а й _
ӄутти нынтоӄэнат ынӄоръым	ӄ у т т и н ы н т о ӄ э н а т _
ынъэӄэйынъэмэ гымнинъым ынӄэн ынпычьэкык иниквъи	ы н ъ _ ы н ъ э м э г ы м н и н ъ ы м _ ы н п ы ч ь э к ы к _ и н и к в ъ и _
э’мъим ӄыччым э’тки э’тки тъэнӄэыччын ягмалеччо итык	э ’ м ӄ ы ч _ ч ы м э ’ т к и _ э ’ т к и т ъ э н ӄ _ _ ы ч _ ч ы н я г м а е _ ч ч и т ы к
тымӈэӈырачьэтъым лиӈыткучьын нылеӄинъымэ ӈэвэӄ нынтовэрэнморэ ымыльо	т ы м ӈ э ӈ ы р _ э т ъ ы м и ӈ ы т к у ч ь ы н _ н ы е ъ ы м _ э ӈ э в э ӄ н ы н т о _ в э р _ э н м ы м ы ь о
нинэйӈэмури ӈэвэӄэ нытиӈэӈӈымури орвыт	н и н э й ӈ _ ӈ э в э ӄ э н ы т _ и ӈ э ӈ _ ӈ ы м у р и о р в ы т
нинэтиӈэӈӈу нинэтиӈэӈӈымури орвыт	н и н э т и ӈ э ӈ _ н и н э т и ӈ э ӈ _ о р в ы т
лыгэн ӈэнрильым у’рэӈэнри нылемури нымгутылемури ымъылёӈэт	ы г э н ӈ э н р и _ ы м _ у ’ р э ӈ э н р и м у р и _ н ы м _ г у т ы _ е м у р и ы м ъ ы ё _ ӈ э т
ӈуттэлвъэм валёмгъэ	ӈ у т ъ э м _ в а ё м _ г ъ э
имлетгынтэвъыма амноӈэты рэмкына тэӈыръилельэтӄинэ гынтэвтылеӄинэт	и м е т _ ъ ы м а а м н о ӈ э т ы р э м к ы н а _ т э ӈ _ ы р ъ и е _ ь э т ӄ и н э г ы н т э в т ы е _ ӄ и н э т
наӄамэ э’йӈэвыткуркынитык винрэттумгъум	н а ӄ а м э _ ы т к у р к ы н и т ы к _ в и н р э т т у м г ъ _ у м
кабинак ӄыӈэлӄиквъима ы’ттъыёлвизьдиxодыкъыма	к а б ин а к _ э ӄ и к в ъ и _ м а ы ’ т т ъ ы ё в _ и з ь д и о д ы к ъ ы м а
ынӄорыӈ эквыйынрэпы люут мыттамкъым	ы н ӄ о р ы ӈ э к в ы й ы н р _ ю _ у т м ы т т _ к _ ъ ы м
ытльатаӈ эмнуӈкы гэ гэнагтолен о	ы т ь _ а ӈ э м н у ӈ к ы г э н _ а г т о _ _ о
ынӄорыӈ ытлыгынэ гатъылыӈӈолен ынӄэн	ы н ӄ о р ы ӈ ы т _ ы н э _ г а т ъ ы _ ы ӈ ӈ о е н ы н ӄ э н
э’чуулгычыку люут ръэнут пэглягъэ	э ’ ч _ г ы ч ы к у у т р ъ э н у т _ я _ г ъ э _
айвэ гым чит нъалегы нъанэлёсӄэвым	а й в э г ы м _ н ъ _ а е _ г ы _ н ъ а н э ё _ с ӄ э в ы м
алымъым чит нин нрычвойгымъым	а ы м _ ч и т н и н н _ р _ ы ч в _ о й г ы м ъ ы м
гагтылыляпэвым ынӄоръым	г а г т ы п э в _ ы м ы н ӄ о р ъ ы м
о’ралвагты тывэтгаквъак	о ’ р а в а г т ы _ э т г а к в ъ а к _
йынрысӄ мыткэӈкэленмык ӈайгыпы ынӄо мытръэт йынрысӄыткыната мытрагтытылякванмык	й ы н р ы с ӄ _ э ӈ к э е н _ м ы к ӈ а й г ы п ы м ы т _ р ъ э т _ й ы н р _ ы с ӄ ы т к ы н а т а _ м ы т р а г т ы т _ ы я к в а н м ы к
наӄам мачгыргочаъымэ ӄаагтатыльын у’рэӈунрилы ааӄы’м ынӄэн йи га га гаканъёт нэна нэнарэӈатӄэнат ӈалвыльэты	н а ӄ а м м а ч _ о ч а _ ъ ы м э ӄ а а г т а т ы ь ы н _ у ’ р э ӈ у н _ ы а а ӄ ы _ ’ м й и _ г а _ г а к а н _ _ н э н а _ э ӈ _ а т ӄ э н а т _ ӈ а в ы ь э т ы _
ы’мтъом ръэнут торыкагты мыльуэ’н ръэнут мытэйкыгъэн ръэнут мыныгйивэвын	ы ’ м ъ о м _ р ъ э н у т м ы _ ь _ у _ э ’ н р ъ э н у т м ы т э й к ы г ъ э н _ р ъ э н у т _ м ы н ы г й и в _ э в ы н _
онмальынъам ивнин о раӄычгатыркын	о н м а _ ъ а м и в н и н о р а ӄ _ ы ч г а т _ ы р к ы н _
нан ярак ынӈин ӄитыркын ыныкит равъэчгатгъам миӈкыри мытрэнрэӄэквыт миӈкыри мытрэнтыгыт	н а н я р а к _ ӄ и т ы р к ы н _ ы н ы к и т _ _ ъ э ч _ г а т _ г ъ а м м и ӈ к ы р и м ы т р э н р э ӄ _ э к в ы т _ м и ӈ к ы р и э н т ы г ы т _
нанъяачьым люут лыгэмайӈыпэгляъэ янра иргъи ӄол нэмэ вальым	н а н ъ я ы м _ ю _ э м _ а й ӈ ы п э г я ъ э я н р а и р г ъ и ӄ о _ _ в а _ ь _ ы м _
нанъяачьым ынӄэн гыргочаткыныкъым янра	н а н ъ я ы м _ ы н ӄ э н г ы р г о ч _ ъ ы м _ я н р а
ынӄэ нэгитээ’н эвын ынӄэн валыӈэ льоо	ы н ӄ э _ и т э э ’ н _ э в ы н ы н ӄ э н в а _ _ ь _ о о
ытръэч ивнин титъэм рэрэн	ы т р ъ э ч и в н и н т и т _ _ р э р _
ӄыгитъэм вае	ӄ ы г и т ъ э м в а _
ы’ттъыгрына льунин ӈэвысӄэт итэй	ы ’ т т ъ ы г р _ ь у н и н ӈ э в ы с ӄ э т _ и т _
эй йыӄӄэй ивкэ вулӄытви вайыкы мылёогъа	э й й ы ӄ ӄ э й _ в _ у ӄ _ ы т в _ и в а й ы к ы _ о г ъ а
чама мрэнэ нэлгинуюркыни нэлгинуйывмыкы	ч а м а м р _ н э г _ и н у ю _ р к ы н и н э г и н у й _ ы в м ы к ы
чама нылылептилръуӄинэт элёльыльэтъым	ч а м а н ы _ т _ и р ъ у ӄ и н э т э ё ь _ ы ь э т ъ ы м
